URL/Status Code,GET,POST,HEAD,Count
/,33,1,5,39
/.env,2,0,0,2
//bl/ecmapigw/webresources/ecmapigw.v3,0,9,0,9
/?XDEBUG_SESSION_START=phpstorm,2,0,0,2
/?dns=q80BAAABAAAAAAAAA3d3dwdleGFtcGxlA2NvbQAAAQAB,1,0,0,1
/CMS_BLK/,45,0,15,60
/CMS_BLK/BMS_Logout.jsp?v=3,10,0,0,10
/CMS_BLK/BMS_banner.jsp,30,0,0,30
/CMS_BLK/BMS_footer.jsp,34,0,0,34
/CMS_BLK/BMS_index.jsp?message=Session%20Expired....!!,139,0,0,139
/CMS_BLK/BMS_index.jsp?message=Successfully%20Logged%20Out...!!,6,0,0,6
/CMS_BLK/BMS_login.jsp?message=Password%20reset%20successfully.%20Please%20login%20with%20new%20password.,8,0,0,8
/CMS_BLK/CliFileUpload,0,4,0,4
/CMS_BLK/Compose/keyboard.js,3,0,0,3
/CMS_BLK/Controller.6d,29,235,14,278
/CMS_BLK/Controller.6d?featureId=AuditDetails&targetPage=/BMSaudit/AuditInfo.jsp&isCreate=true&isView=true&submenu=627,3,0,0,3
/CMS_BLK/Controller.6d?featureId=MyTaskBarGraph&targetPage=/MyTaskBarGraph/Home.jsp,46,0,0,46
/CMS_BLK/Controller.6d?featureId=MyTaskBarGraph&targetPage=/MyTaskBarGraph/MyTaskBarGraph.jsp,0,33,0,33
/CMS_BLK/Controller.6d?featureId=OfflineMsisdn&targetPage=/OfflineMsisdnReport/OfflineMsisdnReport.jsp&isView=false&submenu=877,3,0,0,3
/CMS_BLK/Controller.6d?featureId=SMSDashboard&isView=true&targetPage=/DashBoards/SMSDashboard.jsp,49,0,0,49
/CMS_BLK/Controller.6d?featureId=Statusreport&targetPage=/StatusReport/Home.jsp,37,0,0,37
/CMS_BLK/Controller.6d?featureId=Statusreport&targetPage=/StatusReport/Status_report.jsp&reloadId=null,0,43,0,43
/CMS_BLK/Controller.6d?featureId=TpsGraph&targetPage=/DashboardGraphs/DonutDelCountGraph.jsp&isDonut=true,27,0,0,27
/CMS_BLK/Controller.6d?featureId=TpsGraph&targetPage=/DashboardGraphs/HourlyCountGraph.jsp&isHourlyCount=true,43,0,0,43
/CMS_BLK/Controller.6d?featureId=TpsGraph&targetPage=/DashboardGraphs/HourlyInterfaceIdwiseGraph.jsp&isInterface=true,36,0,0,36
/CMS_BLK/Controller.6d?featureId=TpsGraph&targetPage=/DashboardGraphs/SmppUserwiseGraph.jsp&isSmppUserwise=true,18,0,0,18
/CMS_BLK/Controller.6d?featureId=TpsGraph&targetPage=/DashboardGraphs/TopTenUserGraph.jsp&isTopTen=true,15,0,0,15
/CMS_BLK/Controller.6d?featureId=UploadShortCode&isDownloadCli=true&userId=1&type=ALL&downloadType=3&targetPage=/UploadShortCode/DownloadOnline.jsp,2,0,0,2
/CMS_BLK/Controller.6d?featureId=UploadShortCode&targetPage=/UploadShortCode/ManageShortCode.jsp,0,7,0,7
/CMS_BLK/Controller.6d?featureId=UploadShortCode&targetPage=/UploadShortCode/ManageShortCode.jsp&isGet=FALSE&isCreate=FALSE&isView=TRUE&non_appr=true&submenu=718,2,0,0,2
/CMS_BLK/Controller.6d?featureId=UploadShortCode&targetPage=/UploadShortCode/ManageShortCode.jsp&submenu=715,22,0,0,22
/CMS_BLK/Controller.6d?featureId=UserOfflineReports&targetPage=/UserwiseDaywiseReport/UserwiseDaywise.jsp&submenu=1024,1,0,0,1
/CMS_BLK/Controller.6d?featureId=bulkPush&targetPage=/Compose/compose.jsp&isCreate=true&submenu=601,3,0,0,3
/CMS_BLK/Controller.6d?featureId=manageUser&targetPage=/ENTManageUser/ManageUser.jsp,0,3,0,3
/CMS_BLK/Controller.6d?featureId=manageUser&targetPage=/ENTManageUser/ManageUser.jsp&isCreate=TRUE&isView=TRUE&isBMS=FALSE&isCampaign=TRUE&submenu=623,17,0,0,17
/CMS_BLK/Controller.6d?featureId=profileInfo&targetPage=/ChangePassword/ManagePassword.jsp&submenu=625,1,0,0,1
/CMS_BLK/Controller.6d?featureId=role&isGet=true&submenu=638&isSearch=false&targetPage=/RubyRoleMgmt/ModifyRole.jsp?addEditDelete=false,1,0,0,1
/CMS_BLK/Controller.6d?isSearch=true&featureId=OnlineStatusReport&targetPage=/OnlineStatusReport/OnlineStatusreport.jsp&submenu=677,3,0,0,3
/CMS_BLK/Controller.6d?isSearch=true&isView=true&featureId=DeliveryOfflineReport&targetPage=/DeliveryOfflineReport/BMSDeliveryOfflineReport.jsp&submenu=685,1,0,0,1
/CMS_BLK/Controller.6d?isSearch=true&isView=true&featureId=DeliveryOnlineReport&targetPage=/DeliveryOnlineReport/BMSDeliveryOnlineReport.jsp&submenu=617,1,0,0,1
/CMS_BLK/DashBoard.jsp,41,0,0,41
/CMS_BLK/DashBoards/css/export.css,46,0,0,46
/CMS_BLK/DashBoards/css/style.css,48,0,0,48
/CMS_BLK/DashBoards/js/smsDashboard.js,48,0,0,48
/CMS_BLK/DashBoards/scripts/amcharts.js,49,0,0,49
/CMS_BLK/DashBoards/scripts/export.js,39,0,0,39
/CMS_BLK/DashBoards/scripts/light.js,47,0,0,47
/CMS_BLK/DashBoards/scripts/serial.js,39,0,0,39
/CMS_BLK/ForgotPassword.jsp,8,0,8,16
/CMS_BLK/GenerateOtp?userId=7003,2,0,0,2
/CMS_BLK/GenerateOtp?userId=7563,1,0,0,1
/CMS_BLK/GenerateOtp?userId=7981,2,0,0,2
/CMS_BLK/GenerateOtp?userId=8413,1,0,0,1
/CMS_BLK/GenerateOtp?userId=8466,1,0,0,1
/CMS_BLK/GenerateOtp?userId=8467,1,0,0,1
/CMS_BLK/GenerateOtp?userId=8609,1,0,0,1
/CMS_BLK/GenerateOtp?userId=8719,1,0,0,1
/CMS_BLK/GenerateOtp?userId=8773,1,0,0,1
/CMS_BLK/GenerateOtp?userId=8791,2,0,0,2
/CMS_BLK/GenerateOtp?userId=8800,1,0,0,1
/CMS_BLK/GenerateOtp?userId=8806,1,0,0,1
/CMS_BLK/GenerateOtp?userId=8809,1,0,0,1
/CMS_BLK/GenerateOtp?userId=8812,1,0,0,1
/CMS_BLK/GenerateOtp?userId=8818,1,0,0,1
/CMS_BLK/GenerateOtp?userId=8824,1,0,0,1
/CMS_BLK/GenerateOtp?userId=8886,3,0,0,3
/CMS_BLK/GetCaptcha,74,0,0,74
/CMS_BLK/GetHeaderDetails?userId=1&parentId=null&_=1679887584971,1,0,0,1
/CMS_BLK/GetHeaderDetails?userId=1&parentId=null&_=1679887738685,1,0,0,1
/CMS_BLK/GetHeaderDetails?userId=1&parentId=null&_=1679902399085,1,0,0,1
/CMS_BLK/GetHeaderDetails?userId=1&parentId=null&_=1679907309901,1,0,0,1
/CMS_BLK/GetHeaderDetails?userId=1&parentId=null&_=1679907330591,1,0,0,1
/CMS_BLK/GetHeaderDetails?userId=1&parentId=null&_=1679911518654,1,0,0,1
/CMS_BLK/GetHeaderDetails?userId=1&parentId=null&_=1679912121747,1,0,0,1
/CMS_BLK/GetHeaderDetails?userId=1&parentId=null&_=1679995002446,1,0,0,1
/CMS_BLK/GetHeaderDetails?userId=1&parentId=null&_=1679998922207,1,0,0,1
/CMS_BLK/GetHeaderDetails?userId=1&parentId=null&_=1680026124148,1,0,0,1
/CMS_BLK/GetHeaderDetails?userId=1&parentId=null&_=1680066303475,1,0,0,1
/CMS_BLK/GetHeaderDetails?userId=1&parentId=null&_=1680066485000,1,0,0,1
/CMS_BLK/GetHeaderDetails?userId=1&parentId=null&_=1680068280065,1,0,0,1
/CMS_BLK/GetHeaderDetails?userId=1&parentId=null&_=1680086909709,1,0,0,1
/CMS_BLK/GetHeaderDetails?userId=1&parentId=null&_=1680090064924,1,0,0,1
/CMS_BLK/GetHeaderDetails?userId=1&parentId=null&_=1680098779091,1,0,0,1
/CMS_BLK/GetHeaderDetails?userId=1&parentId=null&_=1680149451274,1,0,0,1
/CMS_BLK/GetHeaderDetails?userId=7003&parentId=1&_=1679906678385,1,0,0,1
/CMS_BLK/GetHeaderDetails?userId=7563&parentId=1&_=1679901442461,1,0,0,1
/CMS_BLK/GetHeaderDetails?userId=7563&parentId=1&_=1679989953793,1,0,0,1
/CMS_BLK/GetHeaderDetails?userId=7981&parentId=1&_=1680071278066,1,0,0,1
/CMS_BLK/GetHeaderDetails?userId=7981&parentId=1&_=1680153803481,1,0,0,1
/CMS_BLK/GetHeaderDetails?userId=8445&parentId=1&_=1679993942094,1,0,0,1
/CMS_BLK/GetHeaderDetails?userId=8498&parentId=1&_=1679813395841,1,0,0,1
/CMS_BLK/GetHeaderDetails?userId=8498&parentId=1&_=1679813395843,1,0,0,1
/CMS_BLK/GetHeaderDetails?userId=8498&parentId=1&_=1679813395846,1,0,0,1
/CMS_BLK/GetHeaderDetails?userId=8498&parentId=1&_=1679813529495,1,0,0,1
/CMS_BLK/GetHeaderDetails?userId=8498&parentId=1&_=1679813529496,1,0,0,1
/CMS_BLK/GetHeaderDetails?userId=8498&parentId=1&_=1679813529498,1,0,0,1
/CMS_BLK/GetHeaderDetails?userId=8498&parentId=1&_=1679813529500,1,0,0,1
/CMS_BLK/GetHeaderDetails?userId=8498&parentId=1&_=1679813529501,1,0,0,1
/CMS_BLK/GetHeaderDetails?userId=8498&parentId=1&_=1679813529502,1,0,0,1
/CMS_BLK/GetHeaderDetails?userId=8498&parentId=1&_=1679813529504,1,0,0,1
/CMS_BLK/GetHeaderDetails?userId=8498&parentId=1&_=1679813529506,1,0,0,1
/CMS_BLK/GetHeaderDetails?userId=8498&parentId=1&_=1679813529508,1,0,0,1
/CMS_BLK/GetHeaderDetails?userId=8498&parentId=1&_=1679813529509,1,0,0,1
/CMS_BLK/GetHeaderDetails?userId=8498&parentId=1&_=1679813529511,1,0,0,1
/CMS_BLK/GetHeaderDetails?userId=8498&parentId=1&_=1679813529513,1,0,0,1
/CMS_BLK/GetHeaderDetails?userId=8498&parentId=1&_=1679813529515,1,0,0,1
/CMS_BLK/GetHeaderDetails?userId=8498&parentId=1&_=1680071359787,1,0,0,1
/CMS_BLK/GetHeaderDetails?userId=8498&parentId=1&_=1680155973754,1,0,0,1
/CMS_BLK/GetHeaderDetails?userId=8609&parentId=1&_=1680069234157,1,0,0,1
/CMS_BLK/GetHeaderDetails?userId=8752&parentId=1&_=1679982658643,1,0,0,1
/CMS_BLK/GetHeaderDetails?userId=8752&parentId=1&_=1680151615463,1,0,0,1
/CMS_BLK/GetHeaderDetails?userId=8773&parentId=1&_=1679809306178,1,0,0,1
/CMS_BLK/GetHeaderDetails?userId=8773&parentId=1&_=1679809306180,1,0,0,1
/CMS_BLK/GetHeaderDetails?userId=8773&parentId=1&_=1679809306182,1,0,0,1
/CMS_BLK/GetHeaderDetails?userId=8773&parentId=1&_=1679809306184,1,0,0,1
/CMS_BLK/GetHeaderDetails?userId=8773&parentId=1&_=1679809306186,1,0,0,1
/CMS_BLK/GetHeaderDetails?userId=8773&parentId=1&_=1679809306188,1,0,0,1
/CMS_BLK/GetHeaderDetails?userId=8773&parentId=1&_=1679809306189,1,0,0,1
/CMS_BLK/GetHeaderDetails?userId=8773&parentId=1&_=1679809306190,1,0,0,1
/CMS_BLK/GetHeaderDetails?userId=8773&parentId=1&_=1679809306192,1,0,0,1
/CMS_BLK/GetHeaderDetails?userId=8773&parentId=1&_=1679809306193,1,0,0,1
/CMS_BLK/GetHeaderDetails?userId=8773&parentId=1&_=1679809306195,1,0,0,1
/CMS_BLK/GetHeaderDetails?userId=8773&parentId=1&_=1679809306198,1,0,0,1
/CMS_BLK/GetHeaderDetails?userId=8773&parentId=1&_=1679809306200,1,0,0,1
/CMS_BLK/GetHeaderDetails?userId=8773&parentId=1&_=1679809306202,1,0,0,1
/CMS_BLK/GetHeaderDetails?userId=8773&parentId=1&_=1679809306204,1,0,0,1
/CMS_BLK/GetHeaderDetails?userId=8773&parentId=1&_=1679809306206,1,0,0,1
/CMS_BLK/GetHeaderDetails?userId=8773&parentId=1&_=1679809306208,1,0,0,1
/CMS_BLK/GetHeaderDetails?userId=8773&parentId=1&_=1679809306210,1,0,0,1
/CMS_BLK/GetHeaderDetails?userId=8773&parentId=1&_=1679809306212,1,0,0,1
/CMS_BLK/GetHeaderDetails?userId=8773&parentId=1&_=1679809306214,1,0,0,1
/CMS_BLK/GetHeaderDetails?userId=8773&parentId=1&_=1679809306216,1,0,0,1
/CMS_BLK/GetHeaderDetails?userId=8773&parentId=1&_=1679809306218,1,0,0,1
/CMS_BLK/GetHeaderDetails?userId=8773&parentId=1&_=1679809306220,1,0,0,1
/CMS_BLK/GetHeaderDetails?userId=8773&parentId=1&_=1679809306222,1,0,0,1
/CMS_BLK/GetHeaderDetails?userId=8773&parentId=1&_=1679809306224,1,0,0,1
/CMS_BLK/GetHeaderDetails?userId=8773&parentId=1&_=1679842866785,1,0,0,1
/CMS_BLK/GetHeaderDetails?userId=8773&parentId=1&_=1679842866786,1,0,0,1
/CMS_BLK/GetHeaderDetails?userId=8773&parentId=1&_=1679907763093,1,0,0,1
/CMS_BLK/GetHeaderDetails?userId=8773&parentId=1&_=1679907763094,1,0,0,1
/CMS_BLK/GetHeaderDetails?userId=8773&parentId=1&_=1679909635953,1,0,0,1
/CMS_BLK/GetPackageDetails?selectedPlans=3010,1,0,0,1
/CMS_BLK/GetTaskDetails?loginUser=7981&userId=0&entityId=2&fromDate=29/03/2023&allTask=true,1,0,0,1
/CMS_BLK/GetTaskDetails?loginUser=8609&userId=8609&entityId=2&fromDate=29/03/2023&allTask=true,1,0,0,1
/CMS_BLK/GridDataLoader?featureId=AuditDetails&targetPage=%2FBMSaudit%2FAuditInfo.jsp&isView=true&isGridView=true&fdate=26%2F03%2F2023&tdate=26%2F03%2F2023&searchField=-1&searchOper=-1&searchString=&_search=false&nd=1679843061675&rows=10&page=1&sidx=CREATE_TIME&sord=desc&totalrows=,1,0,0,1
/CMS_BLK/GridDataLoader?featureId=AuditDetails&targetPage=%2FBMSaudit%2FAuditInfo.jsp&isView=true&isGridView=true&fdate=29%2F03%2F2023&tdate=29%2F03%2F2023&searchField=-1&searchOper=-1&searchString=&_search=false&nd=1680068594651&rows=10&page=1&sidx=CREATE_TIME&sord=desc&totalrows=,1,0,0,1
/CMS_BLK/GridDataLoader?featureId=AuditDetails&targetPage=%2FBMSaudit%2FAuditInfo.jsp&isView=true&isGridView=true&fdate=29%2F03%2F2023&tdate=29%2F03%2F2023&searchField=-1&searchOper=-1&searchString=&_search=false&nd=1680075700899&rows=10&page=1&sidx=CREATE_TIME&sord=desc&totalrows=,1,0,0,1
/CMS_BLK/GridDataLoader?featureId=InboxReport&targetPage=%2FInboxReport%2FInboxReport.jsp&isView=true&isGridLoad=true&isCustSReport=true&sDate=28%2F03%2F2023&eDate=28%2F03%2F2023&downloadFile=null&userId=undefined&_search=false&nd=1679989987837&rows=10&page=1&sidx=DATE&sord=desc,1,0,0,1
/CMS_BLK/GridDataLoader?featureId=OfflineMsisdn&targetPage=%2FOfflineMsisdnReport%2FOfflineMsisdnReport.jsp&isView=true&isGridLoad=true&user=7645&fromDate=26%2F03%2F2023&da=8801926043276&_search=false&nd=1679987332217&rows=10&page=1&sidx=DATE&sord=desc,1,0,0,1
/CMS_BLK/GridDataLoader?featureId=OfflineMsisdn&targetPage=%2FOfflineMsisdnReport%2FOfflineMsisdnReport.jsp&isView=true&isGridLoad=true&user=7645&fromDate=27%2F03%2F2023&da=8801926043276&_search=false&nd=1679987290159&rows=10&page=1&sidx=DATE&sord=desc,1,0,0,1
/CMS_BLK/GridDataLoader?featureId=OfflineMsisdn&targetPage=%2FOfflineMsisdnReport%2FOfflineMsisdnReport.jsp&isView=true&isGridLoad=true&user=7645&fromDate=28%2F03%2F2023&da=8801926043276&_search=false&nd=1679987278634&rows=10&page=1&sidx=DATE&sord=desc,1,0,0,1
/CMS_BLK/GridDataLoader?featureId=OnlineStatusReport&targetPage=%2FOnlineStatusReport%2FOnlineStatusreport.jsp&isView=true&isGridLoad=true&userId=0&taskId=130871&channelid=1&_search=false&nd=1680071295793&rows=10&page=1&sidx=GROUP_ID&sord=desc,1,0,0,1
/CMS_BLK/GridDataLoader?featureId=QuotaUsage&targetPage=%2FQuotaUsage%2FQuotaUsageOnline.jsp&isView=true&isGridView=true&isOnline=true&user=0&_search=false&nd=1679989990037&rows=10&page=1&sidx=GROUP_ID&sord=desc,1,0,0,1
/CMS_BLK/GridDataLoader?featureId=QuotaUsage&targetPage=%2FQuotaUsage%2FShowUsagePageEnterprise.jsp&isView=true&isGridView=true&sDate=27%2F03%2F2023&eDate=27%2F03%2F2023&user=0&userlist=undefined&usageDate=undefined&_search=false&nd=1679989988984&rows=10&page=1&sidx=GROUP_ID&sord=desc,1,0,0,1
/CMS_BLK/GridDataLoader?featureId=UploadShortCode&targetPage=%2FUploadShortCode%2FManageShortCode.jsp&isView=true&isGridView=true&isGridLoad=true&non_appr=true&searchOA=&isDownload=&searchOADownload=&searchUser=7003&_search=false&nd=1679895505478&rows=10&page=1&sidx=AB.FIRST_NAME&sord=desc,1,0,0,1
/CMS_BLK/GridDataLoader?featureId=UploadShortCode&targetPage=%2FUploadShortCode%2FManageShortCode.jsp&isView=true&isGridView=true&isGridLoad=true&non_appr=true&searchOA=&isDownload=&searchOADownload=&searchUser=8773&_search=false&nd=1679907801303&rows=10&page=1&sidx=AB.FIRST_NAME&sord=desc,1,0,0,1
/CMS_BLK/GridDataLoader?featureId=UploadShortCode&targetPage=%2FUploadShortCode%2FManageShortCode.jsp&isView=true&isGridView=true&isGridLoad=true&searchOA=&searchUser=-1&isDownload=&searchOADownload=&_search=false&nd=1679902524403&rows=10&page=1&sidx=AB.FIRST_NAME&sord=desc,1,0,0,1
/CMS_BLK/GridDataLoader?featureId=UploadShortCode&targetPage=%2FUploadShortCode%2FManageShortCode.jsp&isView=true&isGridView=true&isGridLoad=true&searchOA=&searchUser=-1&isDownload=&searchOADownload=&_search=false&nd=1679980205265&rows=10&page=1&sidx=AB.FIRST_NAME&sord=desc,1,0,0,1
/CMS_BLK/GridDataLoader?featureId=UploadShortCode&targetPage=%2FUploadShortCode%2FManageShortCode.jsp&isView=true&isGridView=true&isGridLoad=true&searchOA=&searchUser=-1&isDownload=&searchOADownload=&_search=false&nd=1679995589481&rows=30&page=1&sidx=AB.FIRST_NAME&sord=desc,1,0,0,1
/CMS_BLK/GridDataLoader?featureId=UploadShortCode&targetPage=%2FUploadShortCode%2FManageShortCode.jsp&isView=true&isGridView=true&isGridLoad=true&searchOA=&searchUser=-1&isDownload=&searchOADownload=&_search=false&nd=1680026154895&rows=10&page=1&sidx=AB.FIRST_NAME&sord=desc,1,0,0,1
/CMS_BLK/GridDataLoader?featureId=UploadShortCode&targetPage=%2FUploadShortCode%2FManageShortCode.jsp&isView=true&isGridView=true&isGridLoad=true&searchOA=&searchUser=-1&isDownload=&searchOADownload=&_search=false&nd=1680070889120&rows=10&page=1&sidx=AB.FIRST_NAME&sord=desc,1,0,0,1
/CMS_BLK/GridDataLoader?featureId=UploadShortCode&targetPage=%2FUploadShortCode%2FManageShortCode.jsp&isView=true&isGridView=true&isGridLoad=true&searchOA=&searchUser=-1&isDownload=&searchOADownload=&_search=false&nd=1680074212474&rows=10&page=1&sidx=AB.FIRST_NAME&sord=desc,1,0,0,1
/CMS_BLK/GridDataLoader?featureId=UploadShortCode&targetPage=%2FUploadShortCode%2FManageShortCode.jsp&isView=true&isGridView=true&isGridLoad=true&searchOA=&searchUser=-1&isDownload=&searchOADownload=&_search=false&nd=1680074945909&rows=10&page=1&sidx=AB.FIRST_NAME&sord=desc,1,0,0,1
/CMS_BLK/GridDataLoader?featureId=UploadShortCode&targetPage=%2FUploadShortCode%2FManageShortCode.jsp&isView=true&isGridView=true&isGridLoad=true&searchOA=&searchUser=-1&isDownload=&searchOADownload=&_search=false&nd=1680075281949&rows=10&page=1&sidx=AB.FIRST_NAME&sord=desc,1,0,0,1
/CMS_BLK/GridDataLoader?featureId=UploadShortCode&targetPage=%2FUploadShortCode%2FManageShortCode.jsp&isView=true&isGridView=true&isGridLoad=true&searchOA=&searchUser=-1&isDownload=&searchOADownload=&_search=false&nd=1680090154411&rows=10&page=1&sidx=AB.FIRST_NAME&sord=desc,1,0,0,1
/CMS_BLK/GridDataLoader?featureId=UploadShortCode&targetPage=%2FUploadShortCode%2FManageShortCode.jsp&isView=true&isGridView=true&isGridLoad=true&searchOA=&searchUser=-1&isDownload=&searchOADownload=&_search=false&nd=1680090188201&rows=10&page=1&sidx=AB.FIRST_NAME&sord=desc,1,0,0,1
/CMS_BLK/GridDataLoader?featureId=UploadShortCode&targetPage=%2FUploadShortCode%2FManageShortCode.jsp&isView=true&isGridView=true&isGridLoad=true&searchOA=&searchUser=-1&isDownload=&searchOADownload=&_search=false&nd=1680100312437&rows=10&page=1&sidx=AB.FIRST_NAME&sord=desc,1,0,0,1
/CMS_BLK/GridDataLoader?featureId=UploadShortCode&targetPage=%2FUploadShortCode%2FManageShortCode.jsp&isView=true&isGridView=true&isGridLoad=true&searchOA=&searchUser=7003&isDownload=&searchOADownload=&_search=false&nd=1679895507789&rows=10&page=1&sidx=AB.FIRST_NAME&sord=desc,1,0,0,1
/CMS_BLK/GridDataLoader?featureId=UploadShortCode&targetPage=%2FUploadShortCode%2FManageShortCode.jsp&isView=true&isGridView=true&isGridLoad=true&searchOA=&searchUser=7563&isDownload=&searchOADownload=&_search=false&nd=1679989999615&rows=10&page=1&sidx=AB.FIRST_NAME&sord=desc,1,0,0,1
/CMS_BLK/GridDataLoader?featureId=UploadShortCode&targetPage=%2FUploadShortCode%2FManageShortCode.jsp&isView=true&isGridView=true&isGridLoad=true&searchOA=&searchUser=7563&isDownload=&searchOADownload=&_search=false&nd=1679990212035&rows=10&page=1&sidx=AB.FIRST_NAME&sord=desc,1,0,0,1
/CMS_BLK/GridDataLoader?featureId=UploadShortCode&targetPage=%2FUploadShortCode%2FManageShortCode.jsp&isView=true&isGridView=true&isGridLoad=true&searchOA=&searchUser=7981&isDownload=&searchOADownload=&_search=false&nd=1680154068033&rows=10&page=1&sidx=AB.FIRST_NAME&sord=desc,1,0,0,1
/CMS_BLK/GridDataLoader?featureId=UploadShortCode&targetPage=%2FUploadShortCode%2FManageShortCode.jsp&isView=true&isGridView=true&isGridLoad=true&searchOA=&searchUser=8445&isDownload=&searchOADownload=&_search=false&nd=1679993964949&rows=10&page=1&sidx=AB.FIRST_NAME&sord=desc,1,0,0,1
/CMS_BLK/GridDataLoader?featureId=UploadShortCode&targetPage=%2FUploadShortCode%2FManageShortCode.jsp&isView=true&isGridView=true&isGridLoad=true&searchOA=&searchUser=8445&isDownload=&searchOADownload=&_search=false&nd=1679993974452&rows=10&page=2&sidx=AB.FIRST_NAME&sord=desc,1,0,0,1
/CMS_BLK/GridDataLoader?featureId=UploadShortCode&targetPage=%2FUploadShortCode%2FManageShortCode.jsp&isView=true&isGridView=true&isGridLoad=true&searchOA=&searchUser=8466&isDownload=&searchOADownload=&_search=false&nd=1679893256103&rows=10&page=1&sidx=AB.FIRST_NAME&sord=desc,1,0,0,1
/CMS_BLK/GridDataLoader?featureId=UploadShortCode&targetPage=%2FUploadShortCode%2FManageShortCode.jsp&isView=true&isGridView=true&isGridLoad=true&searchOA=&searchUser=8466&isDownload=&searchOADownload=&_search=false&nd=1680078621277&rows=10&page=1&sidx=AB.FIRST_NAME&sord=desc,1,0,0,1
/CMS_BLK/GridDataLoader?featureId=UploadShortCode&targetPage=%2FUploadShortCode%2FManageShortCode.jsp&isView=true&isGridView=true&isGridLoad=true&searchOA=&searchUser=8466&isDownload=&searchOADownload=&_search=false&nd=1680078754608&rows=10&page=1&sidx=AB.FIRST_NAME&sord=desc,1,0,0,1
/CMS_BLK/GridDataLoader?featureId=UploadShortCode&targetPage=%2FUploadShortCode%2FManageShortCode.jsp&isView=true&isGridView=true&isGridLoad=true&searchOA=&searchUser=8466&isDownload=&searchOADownload=&_search=false&nd=1680094953549&rows=10&page=1&sidx=AB.FIRST_NAME&sord=desc,1,0,0,1
/CMS_BLK/GridDataLoader?featureId=UploadShortCode&targetPage=%2FUploadShortCode%2FManageShortCode.jsp&isView=true&isGridView=true&isGridLoad=true&searchOA=&searchUser=8498&isDownload=&searchOADownload=&_search=false&nd=1680156134854&rows=10&page=1&sidx=AB.FIRST_NAME&sord=desc,1,0,0,1
/CMS_BLK/GridDataLoader?featureId=UploadShortCode&targetPage=%2FUploadShortCode%2FManageShortCode.jsp&isView=true&isGridView=true&isGridLoad=true&searchOA=&searchUser=8609&isDownload=&searchOADownload=&_search=false&nd=1680071218505&rows=10&page=1&sidx=AB.FIRST_NAME&sord=desc,1,0,0,1
/CMS_BLK/GridDataLoader?featureId=UploadShortCode&targetPage=%2FUploadShortCode%2FManageShortCode.jsp&isView=true&isGridView=true&isGridLoad=true&searchOA=&searchUser=8609&isDownload=&searchOADownload=&_search=false&nd=1680071279145&rows=10&page=1&sidx=AB.FIRST_NAME&sord=desc,1,0,0,1
/CMS_BLK/GridDataLoader?featureId=UploadShortCode&targetPage=%2FUploadShortCode%2FManageShortCode.jsp&isView=true&isGridView=true&isGridLoad=true&searchOA=&searchUser=8773&isDownload=&searchOADownload=&_search=false&nd=1679843071243&rows=10&page=1&sidx=AB.FIRST_NAME&sord=desc,1,0,0,1
/CMS_BLK/GridDataLoader?featureId=UploadShortCode&targetPage=%2FUploadShortCode%2FManageShortCode.jsp&isView=true&isGridView=true&isGridLoad=true&searchOA=&searchUser=8773&isDownload=&searchOADownload=&_search=false&nd=1679907774110&rows=10&page=1&sidx=AB.FIRST_NAME&sord=desc,1,0,0,1
/CMS_BLK/GridDataLoader?featureId=UploadShortCode&targetPage=%2FUploadShortCode%2FManageShortCode.jsp&isView=true&isGridView=true&isGridLoad=true&searchOA=&searchUser=8773&isDownload=&searchOADownload=&_search=false&nd=1679907799525&rows=10&page=1&sidx=AB.FIRST_NAME&sord=desc,1,0,0,1
/CMS_BLK/GridDataLoader?featureId=UploadShortCode&targetPage=%2FUploadShortCode%2FManageShortCode.jsp&isView=true&isGridView=true&isGridLoad=true&searchOA=&searchUser=8773&isDownload=&searchOADownload=&_search=false&nd=1679909636133&rows=10&page=1&sidx=AB.FIRST_NAME&sord=desc,1,0,0,1
/CMS_BLK/GridDataLoader?featureId=UploadShortCode&targetPage=%2FUploadShortCode%2FManageShortCode.jsp&isView=true&isGridView=true&isGridLoad=true&searchOA=+&searchUser=6450&isDownload=&searchOADownload=&_search=false&nd=1679998565814&rows=10&page=1&sidx=AB.FIRST_NAME&sord=desc,1,0,0,1
/CMS_BLK/GridDataLoader?featureId=UploadShortCode&targetPage=%2FUploadShortCode%2FManageShortCode.jsp&isView=true&isGridView=true&isGridLoad=true&searchOA=+&searchUser=8018&isDownload=&searchOADownload=&_search=false&nd=1679998601399&rows=30&page=2&sidx=AB.FIRST_NAME&sord=desc,1,0,0,1
/CMS_BLK/GridDataLoader?featureId=UploadShortCode&targetPage=%2FUploadShortCode%2FManageShortCode.jsp&isView=true&isGridView=true&isGridLoad=true&searchOA=+&searchUser=8475&isDownload=&searchOADownload=&_search=false&nd=1680075293091&rows=10&page=1&sidx=AB.FIRST_NAME&sord=desc,1,0,0,1
/CMS_BLK/GridDataLoader?featureId=UploadShortCode&targetPage=%2FUploadShortCode%2FManageShortCode.jsp&isView=true&isGridView=true&isGridLoad=true&searchOA=+Daraz&searchUser=8018&isDownload=&searchOADownload=&_search=false&nd=1679887858063&rows=10&page=1&sidx=AB.FIRST_NAME&sord=desc,1,0,0,1
/CMS_BLK/GridDataLoader?featureId=UploadShortCode&targetPage=%2FUploadShortCode%2FManageShortCode.jsp&isView=true&isGridView=true&isGridLoad=true&searchOA=ASTGD&searchUser=7981&isDownload=&searchOADownload=&_search=false&nd=1680155330947&rows=10&page=1&sidx=AB.FIRST_NAME&sord=desc,1,0,0,1
/CMS_BLK/GridDataLoader?featureId=UploadShortCode&targetPage=%2FUploadShortCode%2FManageShortCode.jsp&isView=true&isGridView=true&isGridLoad=true&searchOA=ASTGD&searchUser=7981&isDownload=&searchOADownload=&_search=false&nd=1680155495514&rows=10&page=1&sidx=AB.FIRST_NAME&sord=desc,1,0,0,1
/CMS_BLK/GridDataLoader?featureId=UploadShortCode&targetPage=%2FUploadShortCode%2FManageShortCode.jsp&isView=true&isGridView=true&isGridLoad=true&searchOA=ASTGD&searchUser=7981&isDownload=&searchOADownload=&_search=false&nd=1680155514263&rows=10&page=1&sidx=AB.FIRST_NAME&sord=desc,1,0,0,1
/CMS_BLK/GridDataLoader?featureId=UploadShortCode&targetPage=%2FUploadShortCode%2FManageShortCode.jsp&isView=true&isGridView=true&isGridLoad=true&searchOA=DARAZ&searchUser=-1&isDownload=&searchOADownload=&_search=false&nd=1679998475540&rows=10&page=1&sidx=AB.FIRST_NAME&sord=desc,1,0,0,1
/CMS_BLK/GridDataLoader?featureId=UploadShortCode&targetPage=%2FUploadShortCode%2FManageShortCode.jsp&isView=true&isGridView=true&isGridLoad=true&searchOA=DARAZ&searchUser=8018&isDownload=&searchOADownload=&_search=false&nd=1679887949661&rows=10&page=1&sidx=AB.FIRST_NAME&sord=desc,1,0,0,1
/CMS_BLK/GridDataLoader?featureId=UploadShortCode&targetPage=%2FUploadShortCode%2FManageShortCode.jsp&isView=true&isGridView=true&isGridLoad=true&searchOA=DARAZ&searchUser=8018&isDownload=&searchOADownload=&_search=false&nd=1679998615454&rows=30&page=1&sidx=AB.FIRST_NAME&sord=desc,1,0,0,1
/CMS_BLK/GridDataLoader?featureId=UploadShortCode&targetPage=%2FUploadShortCode%2FManageShortCode.jsp&isView=true&isGridView=true&isGridLoad=true&searchOA=Daraz&searchUser=8018&isDownload=&searchOADownload=&_search=false&nd=1679887941033&rows=10&page=1&sidx=AB.FIRST_NAME&sord=desc,1,0,0,1
/CMS_BLK/GridDataLoader?featureId=UploadShortCode&targetPage=%2FUploadShortCode%2FManageShortCode.jsp&isView=true&isGridView=true&isGridLoad=true&searchOA=GARI&searchUser=8445&isDownload=&searchOADownload=&_search=false&nd=1679994026005&rows=10&page=1&sidx=AB.FIRST_NAME&sord=desc,1,0,0,1
/CMS_BLK/GridDataLoader?featureId=UploadShortCode&targetPage=%2FUploadShortCode%2FManageShortCode.jsp&isView=true&isGridView=true&isGridLoad=true&searchOA=GARIBAREE&searchUser=8445&isDownload=&searchOADownload=&_search=false&nd=1679994234788&rows=10&page=1&sidx=AB.FIRST_NAME&sord=desc,1,0,0,1
/CMS_BLK/GridDataLoader?featureId=UploadShortCode&targetPage=%2FUploadShortCode%2FManageShortCode.jsp&isView=true&isGridView=true&isGridLoad=true&searchOA=daraz&searchUser=6450&isDownload=&searchOADownload=&_search=false&nd=1679888112935&rows=10&page=1&sidx=AB.FIRST_NAME&sord=desc,1,0,0,1
/CMS_BLK/GridDataLoader?featureId=UploadShortCode&targetPage=%2FUploadShortCode%2FManageShortCode.jsp&isView=true&isGridView=true&isGridLoad=true&searchOA=trus&searchUser=8498&isDownload=&searchOADownload=&_search=false&nd=1680156185323&rows=10&page=1&sidx=AB.FIRST_NAME&sord=desc,1,0,0,1
/CMS_BLK/GridDataLoader?featureId=UploadShortCode&targetPage=%2FUploadShortCode%2FManageShortCode.jsp&isView=true&isGridView=true&isGridLoad=true&searchOA=trus&searchUser=8498&isDownload=&searchOADownload=&_search=false&nd=1680156758032&rows=10&page=1&sidx=AB.FIRST_NAME&sord=desc,1,0,0,1
/CMS_BLK/GridDataLoader?featureId=manageUser&targetPage=/ENTManageUser/ViewManageUser.jsp&isView=true&isBMS=true&searchField=&searchOper=&searchString=&userId=&userName=&statusTochange=&isChangeStatus=&isModify=&isDelete=&isCreate=undefined&id=&_search=false&nd=1679893940030&rows=10&page=1&sidx=LM.USER_ID&sord=desc,1,0,0,1
/CMS_BLK/GridDataLoader?featureId=manageUser&targetPage=/ENTManageUser/ViewManageUser.jsp&isView=true&isBMS=true&searchField=&searchOper=&searchString=&userId=&userName=&statusTochange=&isChangeStatus=&isModify=&isDelete=&isCreate=undefined&id=&_search=false&nd=1679907348724&rows=10&page=1&sidx=LM.USER_ID&sord=desc,1,0,0,1
/CMS_BLK/GridDataLoader?featureId=manageUser&targetPage=/ENTManageUser/ViewManageUser.jsp&isView=true&isBMS=true&searchField=&searchOper=&searchString=&userId=&userName=&statusTochange=&isChangeStatus=&isModify=&isDelete=&isCreate=undefined&id=&_search=false&nd=1679908675277&rows=10&page=1&sidx=LM.USER_ID&sord=desc,1,0,0,1
/CMS_BLK/GridDataLoader?featureId=manageUser&targetPage=/ENTManageUser/ViewManageUser.jsp&isView=true&isBMS=true&searchField=&searchOper=&searchString=&userId=&userName=&statusTochange=&isChangeStatus=&isModify=&isDelete=&isCreate=undefined&id=&_search=false&nd=1679911556852&rows=10&page=1&sidx=LM.USER_ID&sord=desc,1,0,0,1
/CMS_BLK/GridDataLoader?featureId=manageUser&targetPage=/ENTManageUser/ViewManageUser.jsp&isView=true&isBMS=true&searchField=&searchOper=&searchString=&userId=&userName=&statusTochange=&isChangeStatus=&isModify=&isDelete=&isCreate=undefined&id=&_search=false&nd=1679915564899&rows=10&page=1&sidx=LM.USER_ID&sord=desc,1,0,0,1
/CMS_BLK/GridDataLoader?featureId=manageUser&targetPage=/ENTManageUser/ViewManageUser.jsp&isView=true&isBMS=true&searchField=&searchOper=&searchString=&userId=&userName=&statusTochange=&isChangeStatus=&isModify=&isDelete=&isCreate=undefined&id=&_search=false&nd=1679917646713&rows=10&page=1&sidx=LM.USER_ID&sord=desc,1,0,0,1
/CMS_BLK/GridDataLoader?featureId=manageUser&targetPage=/ENTManageUser/ViewManageUser.jsp&isView=true&isBMS=true&searchField=&searchOper=&searchString=&userId=&userName=&statusTochange=&isChangeStatus=&isModify=&isDelete=&isCreate=undefined&id=&_search=false&nd=1679917661969&rows=10&page=2&sidx=LM.USER_ID&sord=desc,1,0,0,1
/CMS_BLK/GridDataLoader?featureId=manageUser&targetPage=/ENTManageUser/ViewManageUser.jsp&isView=true&isBMS=true&searchField=&searchOper=&searchString=&userId=&userName=&statusTochange=&isChangeStatus=&isModify=&isDelete=&isCreate=undefined&id=&_search=false&nd=1679917663394&rows=10&page=3&sidx=LM.USER_ID&sord=desc,1,0,0,1
/CMS_BLK/GridDataLoader?featureId=manageUser&targetPage=/ENTManageUser/ViewManageUser.jsp&isView=true&isBMS=true&searchField=&searchOper=&searchString=&userId=&userName=&statusTochange=&isChangeStatus=&isModify=&isDelete=&isCreate=undefined&id=&_search=false&nd=1679917975154&rows=10&page=1&sidx=LM.USER_ID&sord=desc,1,0,0,1
/CMS_BLK/GridDataLoader?featureId=manageUser&targetPage=/ENTManageUser/ViewManageUser.jsp&isView=true&isBMS=true&searchField=&searchOper=&searchString=&userId=&userName=&statusTochange=&isChangeStatus=&isModify=&isDelete=&isCreate=undefined&id=&_search=false&nd=1680066351698&rows=10&page=1&sidx=LM.USER_ID&sord=desc,1,0,0,1
/CMS_BLK/GridDataLoader?featureId=manageUser&targetPage=/ENTManageUser/ViewManageUser.jsp&isView=true&isBMS=true&searchField=&searchOper=&searchString=&userId=&userName=&statusTochange=&isChangeStatus=&isModify=&isDelete=&isCreate=undefined&id=&_search=false&nd=1680066382940&rows=10&page=1&sidx=LM.USER_ID&sord=desc,1,0,0,1
/CMS_BLK/GridDataLoader?featureId=manageUser&targetPage=/ENTManageUser/ViewManageUser.jsp&isView=true&isBMS=true&searchField=&searchOper=&searchString=&userId=&userName=&statusTochange=&isChangeStatus=&isModify=&isDelete=&isCreate=undefined&id=&_search=false&nd=1680066445535&rows=10&page=1&sidx=LM.USER_ID&sord=desc,1,0,0,1
/CMS_BLK/GridDataLoader?featureId=manageUser&targetPage=/ENTManageUser/ViewManageUser.jsp&isView=true&isBMS=true&searchField=&searchOper=&searchString=&userId=&userName=&statusTochange=&isChangeStatus=&isModify=&isDelete=&isCreate=undefined&id=&_search=false&nd=1680066491600&rows=10&page=1&sidx=LM.USER_ID&sord=desc,1,0,0,1
/CMS_BLK/GridDataLoader?featureId=manageUser&targetPage=/ENTManageUser/ViewManageUser.jsp&isView=true&isBMS=true&searchField=&searchOper=&searchString=&userId=&userName=&statusTochange=&isChangeStatus=&isModify=&isDelete=&isCreate=undefined&id=&_search=false&nd=1680066832163&rows=10&page=1&sidx=LM.USER_ID&sord=desc,1,0,0,1
/CMS_BLK/GridDataLoader?featureId=manageUser&targetPage=/ENTManageUser/ViewManageUser.jsp&isView=true&isBMS=true&searchField=&searchOper=&searchString=&userId=&userName=&statusTochange=&isChangeStatus=&isModify=&isDelete=&isCreate=undefined&id=&_search=false&nd=1680071948376&rows=10&page=1&sidx=LM.USER_ID&sord=desc,1,0,0,1
/CMS_BLK/GridDataLoader?featureId=manageUser&targetPage=/ENTManageUser/ViewManageUser.jsp&isView=true&isBMS=true&searchField=&searchOper=&searchString=&userId=&userName=&statusTochange=&isChangeStatus=&isModify=&isDelete=&isCreate=undefined&id=&_search=false&nd=1680071996855&rows=10&page=1&sidx=LM.USER_ID&sord=desc,1,0,0,1
/CMS_BLK/GridDataLoader?featureId=manageUser&targetPage=/ENTManageUser/ViewManageUser.jsp&isView=true&isBMS=true&searchField=&searchOper=&searchString=&userId=&userName=&statusTochange=&isChangeStatus=&isModify=&isDelete=&isCreate=undefined&id=&_search=false&nd=1680072015337&rows=10&page=1&sidx=LM.USER_ID&sord=desc,1,0,0,1
/CMS_BLK/GridDataLoader?featureId=manageUser&targetPage=/ENTManageUser/ViewManageUser.jsp&isView=true&isBMS=true&searchField=&searchOper=&searchString=&userId=&userName=&statusTochange=&isChangeStatus=&isModify=&isDelete=&isCreate=undefined&id=&_search=false&nd=1680075074749&rows=10&page=1&sidx=LM.USER_ID&sord=desc,1,0,0,1
/CMS_BLK/GridDataLoader?featureId=manageUser&targetPage=/ENTManageUser/ViewManageUser.jsp&isView=true&isBMS=true&searchField=&searchOper=&searchString=&userId=&userName=ARENAPHONE&statusTochange=&isChangeStatus=&isModify=&isDelete=&isCreate=undefined&id=&_search=false&nd=1679894023960&rows=10&page=1&sidx=LM.USER_ID&sord=desc,1,0,0,1
/CMS_BLK/GridDataLoader?featureId=manageUser&targetPage=/ENTManageUser/ViewManageUser.jsp&isView=true&isBMS=true&searchField=&searchOper=&searchString=&userId=&userName=ARENAPHONE&statusTochange=&isChangeStatus=&isModify=&isDelete=&isCreate=undefined&id=&_search=false&nd=1679894478930&rows=10&page=1&sidx=LM.USER_ID&sord=desc,1,0,0,1
/CMS_BLK/GridDataLoader?featureId=manageUser&targetPage=/ENTManageUser/ViewManageUser.jsp&isView=true&isBMS=true&searchField=&searchOper=&searchString=&userId=&userName=Dotlines1&statusTochange=&isChangeStatus=&isModify=&isDelete=&isCreate=undefined&id=&_search=false&nd=1679908949370&rows=10&page=1&sidx=LM.USER_ID&sord=desc,1,0,0,1
/CMS_BLK/GridDataLoader?featureId=manageUser&targetPage=/ENTManageUser/ViewManageUser.jsp&isView=true&isBMS=true&searchField=&searchOper=&searchString=&userId=&userName=Dotlines3&statusTochange=&isChangeStatus=&isModify=&isDelete=&isCreate=undefined&id=&_search=false&nd=1679908917609&rows=10&page=1&sidx=LM.USER_ID&sord=desc,1,0,0,1
/CMS_BLK/GridDataLoader?featureId=manageUser&targetPage=/ENTManageUser/ViewManageUser.jsp&isView=true&isBMS=true&searchField=&searchOper=&searchString=&userId=&userName=Dotlines8&statusTochange=&isChangeStatus=&isModify=&isDelete=&isCreate=undefined&id=&_search=false&nd=1679908817986&rows=10&page=1&sidx=LM.USER_ID&sord=desc,1,0,0,1
/CMS_BLK/GridDataLoader?featureId=manageUser&targetPage=/ENTManageUser/ViewManageUser.jsp&isView=true&isBMS=true&searchField=&searchOper=&searchString=&userId=&userName=ELITBUZZ&statusTochange=&isChangeStatus=&isModify=&isDelete=&isCreate=undefined&id=&_search=false&nd=1680066913621&rows=10&page=1&sidx=LM.USER_ID&sord=desc,1,0,0,1
/CMS_BLK/GridDataLoader?featureId=manageUser&targetPage=/ENTManageUser/ViewManageUser.jsp&isView=true&isBMS=true&searchField=&searchOper=&searchString=&userId=&userName=MRAMTech2&statusTochange=&isChangeStatus=&isModify=&isDelete=&isCreate=undefined&id=&_search=false&nd=1680067043578&rows=10&page=1&sidx=LM.USER_ID&sord=desc,1,0,0,1
/CMS_BLK/GridDataLoader?featureId=manageUser&targetPage=/ENTManageUser/ViewManageUser.jsp&isView=true&isBMS=true&searchField=&searchOper=&searchString=&userId=&userName=ONLINE_TESTUSER4&statusTochange=&isChangeStatus=&isModify=&isDelete=&isCreate=undefined&id=&_search=false&nd=1679911663216&rows=10&page=1&sidx=LM.USER_ID&sord=desc,1,0,0,1
/CMS_BLK/GridDataLoader?featureId=manageUser&targetPage=/ENTManageUser/ViewManageUser.jsp&isView=true&isBMS=true&searchField=&searchOper=&searchString=&userId=&userName=REVE13&statusTochange=&isChangeStatus=&isModify=&isDelete=&isCreate=undefined&id=&_search=false&nd=1680088770265&rows=10&page=1&sidx=LM.USER_ID&sord=desc,1,0,0,1
/CMS_BLK/GridDataLoader?featureId=manageUser&targetPage=/ENTManageUser/ViewManageUser.jsp&isView=true&isBMS=true&searchField=&searchOper=&searchString=&userId=&userName=REVE17&statusTochange=&isChangeStatus=&isModify=&isDelete=&isCreate=undefined&id=&_search=false&nd=1680072518808&rows=10&page=1&sidx=LM.USER_ID&sord=desc,1,0,0,1
/CMS_BLK/GridDataLoader?featureId=manageUser&targetPage=/ENTManageUser/ViewManageUser.jsp&isView=true&isBMS=true&searchField=&searchOper=&searchString=&userId=&userName=REVE17&statusTochange=&isChangeStatus=&isModify=&isDelete=&isCreate=undefined&id=&_search=false&nd=1680072661225&rows=10&page=1&sidx=LM.USER_ID&sord=desc,1,0,0,1
/CMS_BLK/GridDataLoader?featureId=manageUser&targetPage=/ENTManageUser/ViewManageUser.jsp&isView=true&isBMS=true&searchField=&searchOper=&searchString=&userId=&userName=SquareHospitals&statusTochange=&isChangeStatus=&isModify=&isDelete=&isCreate=undefined&id=&_search=false&nd=1680073986108&rows=10&page=1&sidx=LM.USER_ID&sord=desc,1,0,0,1
/CMS_BLK/GridDataLoader?featureId=manageUser&targetPage=/ENTManageUser/ViewManageUser.jsp&isView=true&isBMS=true&searchField=MOBILE_NUM&searchOper=cn&searchString=01969907339&userId=&userName=&statusTochange=&isChangeStatus=&isModify=&isDelete=&isCreate=undefined&id=&_search=false&nd=1679979003462&rows=10&page=1&sidx=LM.USER_ID&sord=desc&filters=,1,0,0,1
/CMS_BLK/GridDataLoader?featureId=manageUser&targetPage=/ENTManageUser/ViewManageUser.jsp&isView=true&isBMS=true&searchField=MOBILE_NUM&searchOper=cn&searchString=01969910552&userId=&userName=&statusTochange=&isChangeStatus=&isModify=&isDelete=&isCreate=undefined&id=&_search=false&nd=1680087073973&rows=10&page=1&sidx=LM.USER_ID&sord=desc&filters=,1,0,0,1
/CMS_BLK/GridDataLoader?featureId=manageUser&targetPage=/ENTManageUser/ViewManageUser.jsp&isView=true&isBMS=true&searchField=MOBILE_NUM&searchOper=cn&searchString=01969910552&userId=&userName=&statusTochange=&isChangeStatus=&isModify=&isDelete=&isCreate=undefined&id=&_search=false&nd=1680087074342&rows=10&page=1&sidx=LM.USER_ID&sord=desc&filters=,1,0,0,1
/CMS_BLK/GridDataLoader?featureId=manageUser&targetPage=/ENTManageUser/ViewManageUser.jsp&isView=true&isBMS=true&searchField=MOBILE_NUM&searchOper=cn&searchString=01969910607&userId=&userName=REVE36&statusTochange=&isChangeStatus=&isModify=&isDelete=&isCreate=undefined&id=&_search=false&nd=1680069533607&rows=10&page=1&sidx=LM.USER_ID&sord=desc&filters=,1,0,0,1
/CMS_BLK/GridDataLoader?featureId=manageUser&targetPage=/ENTManageUser/ViewManageUser.jsp&isView=true&isBMS=true&searchField=MOBILE_NUM&searchOper=cn&searchString=01969910607&userId=&userName=REVE36&statusTochange=&isChangeStatus=&isModify=&isDelete=&isCreate=undefined&id=&_search=false&nd=1680069535467&rows=10&page=1&sidx=LM.USER_ID&sord=desc&filters=,1,0,0,1
/CMS_BLK/GridDataLoader?featureId=manageUser&targetPage=/ENTManageUser/ViewManageUser.jsp&isView=true&isBMS=true&searchField=MOBILE_NUM&searchOper=cn&searchString=1969903372&userId=&userName=ARENAPHONE&statusTochange=&isChangeStatus=&isModify=&isDelete=&isCreate=undefined&id=&_search=false&nd=1679894076523&rows=10&page=1&sidx=LM.USER_ID&sord=desc&filters=,1,0,0,1
/CMS_BLK/GridDataLoader?featureId=manageUser&targetPage=/ENTManageUser/ViewManageUser.jsp&isView=true&isBMS=true&searchField=MOBILE_NUM&searchOper=cn&searchString=1969910552&userId=&userName=&statusTochange=&isChangeStatus=&isModify=&isDelete=&isCreate=undefined&id=&_search=false&nd=1680087048120&rows=10&page=1&sidx=LM.USER_ID&sord=desc&filters=,1,0,0,1
/CMS_BLK/GridDataLoader?featureId=manageUser&targetPage=/ENTManageUser/ViewManageUser.jsp&isView=true&isBMS=true&searchField=MOBILE_NUM&searchOper=cn&searchString=8801969932345&userId=&userName=nextnet&statusTochange=&isChangeStatus=&isModify=&isDelete=&isCreate=undefined&id=&_search=false&nd=1680070878625&rows=10&page=1&sidx=LM.USER_ID&sord=desc&filters=,1,0,0,1
/CMS_BLK/GridDataLoader?featureId=manageUser&targetPage=/ENTManageUser/ViewManageUser.jsp&isView=true&isBMS=true&searchField=MOBILE_NUM&searchOper=eq&searchString=8801409900370&userId=&userName=&statusTochange=&isChangeStatus=&isModify=&isDelete=&isCreate=undefined&id=&_search=false&nd=1680066407643&rows=10&page=1&sidx=LM.USER_ID&sord=desc&filters=,1,0,0,1
/CMS_BLK/GridDataLoader?featureId=manageUser&targetPage=/ENTManageUser/ViewManageUser.jsp&isView=true&isBMS=true&searchField=USERNAME&searchOper=cn&searchString=Dotlines1&userId=&userName=Dotlines2&statusTochange=&isChangeStatus=&isModify=&isDelete=&isCreate=undefined&id=&_search=false&nd=1679908945580&rows=10&page=1&sidx=LM.USER_ID&sord=desc&filters=,1,0,0,1
/CMS_BLK/GridDataLoader?featureId=manageUser&targetPage=/ENTManageUser/ViewManageUser.jsp&isView=true&isBMS=true&searchField=USERNAME&searchOper=cn&searchString=Dotlines3&userId=&userName=&statusTochange=&isChangeStatus=&isModify=&isDelete=&isCreate=undefined&id=&_search=false&nd=1679908912871&rows=10&page=1&sidx=LM.USER_ID&sord=desc&filters=,1,0,0,1
/CMS_BLK/GridDataLoader?featureId=manageUser&targetPage=/ENTManageUser/ViewManageUser.jsp&isView=true&isBMS=true&searchField=USERNAME&searchOper=cn&searchString=Dotlines6&userId=&userName=Dotlines7&statusTochange=&isChangeStatus=&isModify=&isDelete=&isCreate=undefined&id=&_search=false&nd=1679908857962&rows=10&page=1&sidx=LM.USER_ID&sord=desc&filters=,1,0,0,1
/CMS_BLK/GridDataLoader?featureId=manageUser&targetPage=/ENTManageUser/ViewManageUser.jsp&isView=true&isBMS=true&searchField=USERNAME&searchOper=cn&searchString=Dotlines7&userId=&userName=Dotlines70&statusTochange=&isChangeStatus=&isModify=&isDelete=&isCreate=undefined&id=&_search=false&nd=1679908843493&rows=10&page=1&sidx=LM.USER_ID&sord=desc&filters=,1,0,0,1
/CMS_BLK/GridDataLoader?featureId=manageUser&targetPage=/ENTManageUser/ViewManageUser.jsp&isView=true&isBMS=true&searchField=USERNAME&searchOper=cn&searchString=Dotlines70&userId=&userName=Dotlines8&statusTochange=&isChangeStatus=&isModify=&isDelete=&isCreate=undefined&id=&_search=false&nd=1679908827722&rows=10&page=1&sidx=LM.USER_ID&sord=desc&filters=,1,0,0,1
/CMS_BLK/GridDataLoader?featureId=manageUser&targetPage=/ENTManageUser/ViewManageUser.jsp&isView=true&isBMS=true&searchField=USERNAME&searchOper=cn&searchString=Dotlines8&userId=&userName=Dotlines9&statusTochange=&isChangeStatus=&isModify=&isDelete=&isCreate=undefined&id=&_search=false&nd=1679908813674&rows=10&page=1&sidx=LM.USER_ID&sord=desc&filters=,1,0,0,1
/CMS_BLK/GridDataLoader?featureId=manageUser&targetPage=/ENTManageUser/ViewManageUser.jsp&isView=true&isBMS=true&searchField=USERNAME&searchOper=cn&searchString=Dotlines9&userId=&userName=&statusTochange=&isChangeStatus=&isModify=&isDelete=&isCreate=undefined&id=&_search=false&nd=1679908791485&rows=10&page=1&sidx=LM.USER_ID&sord=desc&filters=,1,0,0,1
/CMS_BLK/GridDataLoader?featureId=manageUser&targetPage=/ENTManageUser/ViewManageUser.jsp&isView=true&isBMS=true&searchField=USERNAME&searchOper=cn&searchString=Dotlinesbdltd2&userId=&userName=&statusTochange=&isChangeStatus=&isModify=&isDelete=&isCreate=undefined&id=&_search=false&nd=1679908752131&rows=10&page=1&sidx=LM.USER_ID&sord=desc&filters=,1,0,0,1
/CMS_BLK/GridDataLoader?featureId=manageUser&targetPage=/ENTManageUser/ViewManageUser.jsp&isView=true&isBMS=true&searchField=USERNAME&searchOper=cn&searchString=ELITBUZZ&userId=&userName=&statusTochange=&isChangeStatus=&isModify=&isDelete=&isCreate=undefined&id=&_search=false&nd=1680066737229&rows=10&page=1&sidx=LM.USER_ID&sord=desc&filters=,1,0,0,1
/CMS_BLK/GridDataLoader?featureId=manageUser&targetPage=/ENTManageUser/ViewManageUser.jsp&isView=true&isBMS=true&searchField=USERNAME&searchOper=cn&searchString=MICRON&userId=&userName=&statusTochange=&isChangeStatus=&isModify=&isDelete=&isCreate=undefined&id=&_search=false&nd=1680075083776&rows=10&page=1&sidx=LM.USER_ID&sord=desc&filters=,1,0,0,1
/CMS_BLK/GridDataLoader?featureId=manageUser&targetPage=/ENTManageUser/ViewManageUser.jsp&isView=true&isBMS=true&searchField=USERNAME&searchOper=cn&searchString=MRAMTech2&userId=&userName=&statusTochange=&isChangeStatus=&isModify=&isDelete=&isCreate=undefined&id=&_search=false&nd=1680067027406&rows=10&page=1&sidx=LM.USER_ID&sord=desc&filters=,1,0,0,1
/CMS_BLK/GridDataLoader?featureId=manageUser&targetPage=/ENTManageUser/ViewManageUser.jsp&isView=true&isBMS=true&searchField=USERNAME&searchOper=cn&searchString=MRAMTech2&userId=8498&userName=MRAMTech2&statusTochange=F&isChangeStatus=true&isModify=&isDelete=&isCreate=undefined&id=&_search=false&nd=1680067030211&rows=10&page=1&sidx=LM.USER_ID&sord=desc&filters=,1,0,0,1
/CMS_BLK/GridDataLoader?featureId=manageUser&targetPage=/ENTManageUser/ViewManageUser.jsp&isView=true&isBMS=true&searchField=USERNAME&searchOper=cn&searchString=REVE&userId=&userName=&statusTochange=&isChangeStatus=&isModify=&isDelete=&isCreate=undefined&id=&_search=false&nd=1680072031374&rows=10&page=1&sidx=LM.USER_ID&sord=desc&filters=,1,0,0,1
/CMS_BLK/GridDataLoader?featureId=manageUser&targetPage=/ENTManageUser/ViewManageUser.jsp&isView=true&isBMS=true&searchField=USERNAME&searchOper=cn&searchString=REVE11&userId=&userName=&statusTochange=&isChangeStatus=&isModify=&isDelete=&isCreate=undefined&id=&_search=false&nd=1680087119209&rows=10&page=1&sidx=LM.USER_ID&sord=desc&filters=,1,0,0,1
/CMS_BLK/GridDataLoader?featureId=manageUser&targetPage=/ENTManageUser/ViewManageUser.jsp&isView=true&isBMS=true&searchField=USERNAME&searchOper=cn&searchString=REVE11&userId=&userName=REVE13&statusTochange=&isChangeStatus=&isModify=&isDelete=&isCreate=undefined&id=&_search=false&nd=1680088867946&rows=10&page=1&sidx=LM.USER_ID&sord=desc&filters=,1,0,0,1
/CMS_BLK/GridDataLoader?featureId=manageUser&targetPage=/ENTManageUser/ViewManageUser.jsp&isView=true&isBMS=true&searchField=USERNAME&searchOper=cn&searchString=REVE12&userId=&userName=REVE13&statusTochange=&isChangeStatus=&isModify=&isDelete=&isCreate=undefined&id=&_search=false&nd=1680088857649&rows=10&page=1&sidx=LM.USER_ID&sord=desc&filters=,1,0,0,1
/CMS_BLK/GridDataLoader?featureId=manageUser&targetPage=/ENTManageUser/ViewManageUser.jsp&isView=true&isBMS=true&searchField=USERNAME&searchOper=cn&searchString=REVE13&userId=&userName=&statusTochange=&isChangeStatus=&isModify=&isDelete=&isCreate=undefined&id=&_search=false&nd=1680086970977&rows=10&page=1&sidx=LM.USER_ID&sord=desc&filters=,1,0,0,1
/CMS_BLK/GridDataLoader?featureId=manageUser&targetPage=/ENTManageUser/ViewManageUser.jsp&isView=true&isBMS=true&searchField=USERNAME&searchOper=cn&searchString=REVE13&userId=&userName=REVE13&statusTochange=&isChangeStatus=&isModify=&isDelete=&isCreate=undefined&id=&_search=false&nd=1680088849989&rows=10&page=1&sidx=LM.USER_ID&sord=desc&filters=,1,0,0,1
/CMS_BLK/GridDataLoader?featureId=manageUser&targetPage=/ENTManageUser/ViewManageUser.jsp&isView=true&isBMS=true&searchField=USERNAME&searchOper=cn&searchString=REVE13&userId=8812&userName=REVE13&statusTochange=T&isChangeStatus=true&isModify=&isDelete=&isCreate=undefined&id=&_search=false&nd=1680086975095&rows=10&page=1&sidx=LM.USER_ID&sord=desc&filters=,1,0,0,1
/CMS_BLK/GridDataLoader?featureId=manageUser&targetPage=/ENTManageUser/ViewManageUser.jsp&isView=true&isBMS=true&searchField=USERNAME&searchOper=cn&searchString=REVE13&userId=8812&userName=REVE13&statusTochange=T&isChangeStatus=true&isModify=&isDelete=&isCreate=undefined&id=&_search=false&nd=1680086977643&rows=10&page=1&sidx=LM.USER_ID&sord=desc&filters=,1,0,0,1
/CMS_BLK/GridDataLoader?featureId=manageUser&targetPage=/ENTManageUser/ViewManageUser.jsp&isView=true&isBMS=true&searchField=USERNAME&searchOper=cn&searchString=REVE16&userId=&userName=REVE13&statusTochange=&isChangeStatus=&isModify=&isDelete=&isCreate=undefined&id=&_search=false&nd=1680088791201&rows=10&page=1&sidx=LM.USER_ID&sord=desc&filters=,1,0,0,1
/CMS_BLK/GridDataLoader?featureId=manageUser&targetPage=/ENTManageUser/ViewManageUser.jsp&isView=true&isBMS=true&searchField=USERNAME&searchOper=cn&searchString=REVE17&userId=&userName=REVE17&statusTochange=&isChangeStatus=&isModify=&isDelete=&isCreate=undefined&id=&_search=false&nd=1680072584702&rows=10&page=1&sidx=LM.USER_ID&sord=desc&filters=,1,0,0,1
/CMS_BLK/GridDataLoader?featureId=manageUser&targetPage=/ENTManageUser/ViewManageUser.jsp&isView=true&isBMS=true&searchField=USERNAME&searchOper=cn&searchString=REVE18&userId=&userName=REVE13&statusTochange=&isChangeStatus=&isModify=&isDelete=&isCreate=undefined&id=&_search=false&nd=1680088780065&rows=10&page=1&sidx=LM.USER_ID&sord=desc&filters=,1,0,0,1
/CMS_BLK/GridDataLoader?featureId=manageUser&targetPage=/ENTManageUser/ViewManageUser.jsp&isView=true&isBMS=true&searchField=USERNAME&searchOper=cn&searchString=REVE36&userId=&userName=&statusTochange=&isChangeStatus=&isModify=&isDelete=&isCreate=undefined&id=&_search=false&nd=1680072060188&rows=30&page=1&sidx=LM.USER_ID&sord=desc&filters=,1,0,0,1
/CMS_BLK/GridDataLoader?featureId=manageUser&targetPage=/ENTManageUser/ViewManageUser.jsp&isView=true&isBMS=true&searchField=USERNAME&searchOper=cn&searchString=REVE36&userId=&userName=REVE13&statusTochange=&isChangeStatus=&isModify=&isDelete=&isCreate=undefined&id=&_search=false&nd=1680088959148&rows=10&page=1&sidx=LM.USER_ID&sord=desc&filters=,1,0,0,1
/CMS_BLK/GridDataLoader?featureId=manageUser&targetPage=/ENTManageUser/ViewManageUser.jsp&isView=true&isBMS=true&searchField=USERNAME&searchOper=cn&searchString=REVE36&userId=&userName=REVE36&statusTochange=&isChangeStatus=&isModify=&isDelete=&isCreate=undefined&id=&_search=false&nd=1680068256178&rows=10&page=1&sidx=LM.USER_ID&sord=desc&filters=,1,0,0,1
/CMS_BLK/GridDataLoader?featureId=manageUser&targetPage=/ENTManageUser/ViewManageUser.jsp&isView=true&isBMS=true&searchField=USERNAME&searchOper=cn&searchString=REVE36&userId=&userName=nextnet&statusTochange=&isChangeStatus=&isModify=&isDelete=&isCreate=undefined&id=&_search=false&nd=1680070731367&rows=10&page=1&sidx=LM.USER_ID&sord=desc&filters=,1,0,0,1
/CMS_BLK/GridDataLoader?featureId=manageUser&targetPage=/ENTManageUser/ViewManageUser.jsp&isView=true&isBMS=true&searchField=USERNAME&searchOper=cn&searchString=REVE37&userId=&userName=REVE13&statusTochange=&isChangeStatus=&isModify=&isDelete=&isCreate=undefined&id=&_search=false&nd=1680088952878&rows=10&page=1&sidx=LM.USER_ID&sord=desc&filters=,1,0,0,1
/CMS_BLK/GridDataLoader?featureId=manageUser&targetPage=/ENTManageUser/ViewManageUser.jsp&isView=true&isBMS=true&searchField=USERNAME&searchOper=cn&searchString=REVE39&userId=&userName=REVE13&statusTochange=&isChangeStatus=&isModify=&isDelete=&isCreate=undefined&id=&_search=false&nd=1680088891915&rows=10&page=1&sidx=LM.USER_ID&sord=desc&filters=,1,0,0,1
/CMS_BLK/GridDataLoader?featureId=manageUser&targetPage=/ENTManageUser/ViewManageUser.jsp&isView=true&isBMS=true&searchField=USERNAME&searchOper=cn&searchString=TEST&userId=&userName=&statusTochange=&isChangeStatus=&isModify=&isDelete=&isCreate=undefined&id=&_search=false&nd=1679917673961&rows=10&page=1&sidx=LM.USER_ID&sord=desc&filters=,1,0,0,1
/CMS_BLK/GridDataLoader?featureId=manageUser&targetPage=/ENTManageUser/ViewManageUser.jsp&isView=true&isBMS=true&searchField=USERNAME&searchOper=eq&searchString=ELITBUZZ&userId=&userName=&statusTochange=&isChangeStatus=&isModify=&isDelete=&isCreate=undefined&id=&_search=false&nd=1680068287934&rows=10&page=1&sidx=LM.USER_ID&sord=desc&filters=,1,0,0,1
/CMS_BLK/GridDataLoader?featureId=manageUser&targetPage=/ENTManageUser/ViewManageUser.jsp&isView=true&isBMS=true&searchField=USERNAME&searchOper=eq&searchString=ELITBUZZ&userId=&userName=&statusTochange=&isChangeStatus=&isModify=&isDelete=&isCreate=undefined&id=&_search=false&nd=1680068410527&rows=10&page=1&sidx=LM.USER_ID&sord=desc&filters=,1,0,0,1
/CMS_BLK/GridDataLoader?featureId=manageUser&targetPage=/ENTManageUser/ViewManageUser.jsp&isView=true&isBMS=true&searchField=USERNAME&searchOper=eq&searchString=ELITBUZZ&userId=&userName=&statusTochange=&isChangeStatus=&isModify=&isDelete=&isCreate=undefined&id=&_search=false&nd=1680068421321&rows=10&page=1&sidx=LM.USER_ID&sord=desc&filters=,1,0,0,1
/CMS_BLK/GridDataLoader?featureId=manageUser&targetPage=/ENTManageUser/ViewManageUser.jsp&isView=true&isBMS=true&searchField=USERNAME&searchOper=eq&searchString=ELITBUZZ&userId=&userName=&statusTochange=&isChangeStatus=&isModify=&isDelete=&isCreate=undefined&id=&_search=false&nd=1680068567886&rows=10&page=1&sidx=LM.USER_ID&sord=desc&filters=,1,0,0,1
/CMS_BLK/GridDataLoader?featureId=manageUser&targetPage=/ENTManageUser/ViewManageUser.jsp&isView=true&isBMS=true&searchField=USERNAME&searchOper=eq&searchString=MRAMTech2&userId=&userName=&statusTochange=&isChangeStatus=&isModify=&isDelete=&isCreate=undefined&id=&_search=false&nd=1680068347673&rows=10&page=1&sidx=LM.USER_ID&sord=desc&filters=,1,0,0,1
/CMS_BLK/GridDataLoader?searchTask=&searchStatus=0&fromDate=28%2F03%2F2022&toDate=28%2F03%2F2023&featureId=MyTask&targetPage=MyTask&isView=true&isGridView=true&isDownload=&isDownload2=&isFailure=&_search=false&nd=1679982704494&rows=10&page=1&sidx=TP.SCHEDULE_TIME&sord=desc,1,0,0,1
/CMS_BLK/GridDataLoader?searchTask=&searchStatus=0&fromDate=28%2F03%2F2022&toDate=28%2F03%2F2023&featureId=MyTask&targetPage=MyTask&isView=true&isGridView=true&isDownload=&isDownload2=&isFailure=&_search=false&nd=1679982724492&rows=10&page=1&sidx=TP.SCHEDULE_TIME&sord=desc,1,0,0,1
/CMS_BLK/GridDataLoader?searchTask=&searchStatus=0&fromDate=28%2F03%2F2022&toDate=28%2F03%2F2023&featureId=MyTask&targetPage=MyTask&isView=true&isGridView=true&isDownload=&isDownload2=&isFailure=&_search=false&nd=1679982744487&rows=10&page=1&sidx=TP.SCHEDULE_TIME&sord=desc,1,0,0,1
/CMS_BLK/GridDataLoader?searchTask=&searchStatus=0&fromDate=28%2F03%2F2022&toDate=28%2F03%2F2023&featureId=MyTask&targetPage=MyTask&isView=true&isGridView=true&isDownload=&isDownload2=&isFailure=&_search=false&nd=1679982764267&rows=10&page=1&sidx=TP.SCHEDULE_TIME&sord=desc,1,0,0,1
/CMS_BLK/GridDataLoader?searchTask=&searchStatus=0&fromDate=28%2F03%2F2022&toDate=28%2F03%2F2023&featureId=MyTask&targetPage=MyTask&isView=true&isGridView=true&isDownload=&isDownload2=&isFailure=&_search=false&nd=1679982784278&rows=10&page=1&sidx=TP.SCHEDULE_TIME&sord=desc,1,0,0,1
/CMS_BLK/GridDataLoader?searchTask=&searchStatus=0&fromDate=28%2F03%2F2022&toDate=28%2F03%2F2023&featureId=MyTask&targetPage=MyTask&isView=true&isGridView=true&isDownload=&isDownload2=&isFailure=&_search=false&nd=1679982804264&rows=10&page=1&sidx=TP.SCHEDULE_TIME&sord=desc,1,0,0,1
/CMS_BLK/GridDataLoader?searchTask=&searchStatus=0&fromDate=28%2F03%2F2022&toDate=28%2F03%2F2023&featureId=MyTask&targetPage=MyTask&isView=true&isGridView=true&isDownload=&isDownload2=&isFailure=&_search=false&nd=1679982823992&rows=10&page=1&sidx=TP.SCHEDULE_TIME&sord=desc,1,0,0,1
/CMS_BLK/GridDataLoader?searchTask=&searchStatus=0&fromDate=28%2F03%2F2022&toDate=28%2F03%2F2023&featureId=MyTask&targetPage=MyTask&isView=true&isGridView=true&isDownload=&isDownload2=&isFailure=&_search=false&nd=1679982843989&rows=10&page=1&sidx=TP.SCHEDULE_TIME&sord=desc,1,0,0,1
/CMS_BLK/GridDataLoader?searchTask=&searchStatus=0&fromDate=28%2F03%2F2022&toDate=28%2F03%2F2023&featureId=MyTask&targetPage=MyTask&isView=true&isGridView=true&isDownload=&isDownload2=&isFailure=&_search=false&nd=1679982863995&rows=10&page=1&sidx=TP.SCHEDULE_TIME&sord=desc,1,0,0,1
/CMS_BLK/GridDataLoader?searchTask=&searchStatus=0&fromDate=28%2F03%2F2022&toDate=28%2F03%2F2023&featureId=MyTask&targetPage=MyTask&isView=true&isGridView=true&isDownload=&isDownload2=&isFailure=&_search=false&nd=1679982883710&rows=10&page=1&sidx=TP.SCHEDULE_TIME&sord=desc,1,0,0,1
/CMS_BLK/GridDataLoader?searchTask=&searchStatus=0&fromDate=28%2F03%2F2022&toDate=28%2F03%2F2023&featureId=MyTask&targetPage=MyTask&isView=true&isGridView=true&isDownload=&isDownload2=&isFailure=&_search=false&nd=1679982903718&rows=10&page=1&sidx=TP.SCHEDULE_TIME&sord=desc,1,0,0,1
/CMS_BLK/GridDataLoader?searchTask=&searchStatus=0&fromDate=28%2F03%2F2022&toDate=28%2F03%2F2023&featureId=MyTask&targetPage=MyTask&isView=true&isGridView=true&isDownload=&isDownload2=&isFailure=&_search=false&nd=1679982923711&rows=10&page=1&sidx=TP.SCHEDULE_TIME&sord=desc,1,0,0,1
/CMS_BLK/GridDataLoader?searchTask=&searchStatus=0&fromDate=28%2F03%2F2022&toDate=28%2F03%2F2023&featureId=MyTask&targetPage=MyTask&isView=true&isGridView=true&isDownload=&isDownload2=&isFailure=&_search=false&nd=1679982943438&rows=10&page=1&sidx=TP.SCHEDULE_TIME&sord=desc,1,0,0,1
/CMS_BLK/GridDataLoader?searchTask=&searchStatus=0&fromDate=28%2F03%2F2022&toDate=28%2F03%2F2023&featureId=MyTask&targetPage=MyTask&isView=true&isGridView=true&isDownload=&isDownload2=&isFailure=&_search=false&nd=1679982963450&rows=10&page=1&sidx=TP.SCHEDULE_TIME&sord=desc,1,0,0,1
/CMS_BLK/GridDataLoader?searchTask=&searchStatus=0&fromDate=28%2F03%2F2022&toDate=28%2F03%2F2023&featureId=MyTask&targetPage=MyTask&isView=true&isGridView=true&isDownload=&isDownload2=&isFailure=&_search=false&nd=1679982984276&rows=10&page=1&sidx=TP.SCHEDULE_TIME&sord=desc,1,0,0,1
/CMS_BLK/GridDataLoader?searchTask=&searchStatus=0&fromDate=28%2F03%2F2022&toDate=28%2F03%2F2023&featureId=MyTask&targetPage=MyTask&isView=true&isGridView=true&isDownload=&isDownload2=&isFailure=&_search=false&nd=1679983004002&rows=10&page=1&sidx=TP.SCHEDULE_TIME&sord=desc,1,0,0,1
/CMS_BLK/GridDataLoader?searchTask=&searchStatus=0&fromDate=28%2F03%2F2022&toDate=28%2F03%2F2023&featureId=MyTask&targetPage=MyTask&isView=true&isGridView=true&isDownload=&isDownload2=&isFailure=&_search=false&nd=1679983023999&rows=10&page=1&sidx=TP.SCHEDULE_TIME&sord=desc,1,0,0,1
/CMS_BLK/GridDataLoader?searchTask=&searchStatus=0&fromDate=28%2F03%2F2022&toDate=28%2F03%2F2023&featureId=MyTask&targetPage=MyTask&isView=true&isGridView=true&isDownload=&isDownload2=&isFailure=&_search=false&nd=1679983044002&rows=10&page=1&sidx=TP.SCHEDULE_TIME&sord=desc,1,0,0,1
/CMS_BLK/GridDataLoader?searchTask=&searchStatus=0&fromDate=28%2F03%2F2022&toDate=28%2F03%2F2023&featureId=MyTask&targetPage=MyTask&isView=true&isGridView=true&isDownload=&isDownload2=&isFailure=&_search=false&nd=1679983063946&rows=10&page=1&sidx=TP.SCHEDULE_TIME&sord=desc,1,0,0,1
/CMS_BLK/GridDataLoader?searchTask=&searchStatus=0&fromDate=28%2F03%2F2022&toDate=28%2F03%2F2023&featureId=MyTask&targetPage=MyTask&isView=true&isGridView=true&isDownload=&isDownload2=&isFailure=&_search=false&nd=1679983083950&rows=10&page=1&sidx=TP.SCHEDULE_TIME&sord=desc,1,0,0,1
/CMS_BLK/GridDataLoader?searchTask=&searchStatus=0&fromDate=28%2F03%2F2022&toDate=28%2F03%2F2023&featureId=MyTask&targetPage=MyTask&isView=true&isGridView=true&isDownload=&isDownload2=&isFailure=&_search=false&nd=1679983103955&rows=10&page=1&sidx=TP.SCHEDULE_TIME&sord=desc,1,0,0,1
/CMS_BLK/GridDataLoader?searchTask=&searchStatus=0&fromDate=28%2F03%2F2022&toDate=28%2F03%2F2023&featureId=MyTask&targetPage=MyTask&isView=true&isGridView=true&isDownload=&isDownload2=&isFailure=&_search=false&nd=1679983123942&rows=10&page=1&sidx=TP.SCHEDULE_TIME&sord=desc,1,0,0,1
/CMS_BLK/GridDataLoader?searchTask=&searchStatus=0&fromDate=28%2F03%2F2022&toDate=28%2F03%2F2023&featureId=MyTask&targetPage=MyTask&isView=true&isGridView=true&isDownload=&isDownload2=&isFailure=&_search=false&nd=1679983143941&rows=10&page=1&sidx=TP.SCHEDULE_TIME&sord=desc,1,0,0,1
/CMS_BLK/GridDataLoader?searchTask=&searchStatus=0&fromDate=28%2F03%2F2022&toDate=28%2F03%2F2023&featureId=MyTask&targetPage=MyTask&isView=true&isGridView=true&isDownload=&isDownload2=&isFailure=&_search=false&nd=1679983163940&rows=10&page=1&sidx=TP.SCHEDULE_TIME&sord=desc,1,0,0,1
/CMS_BLK/GridDataLoader?searchTask=&searchStatus=0&fromDate=28%2F03%2F2022&toDate=28%2F03%2F2023&featureId=MyTask&targetPage=MyTask&isView=true&isGridView=true&isDownload=&isDownload2=&isFailure=&_search=false&nd=1679983183940&rows=10&page=1&sidx=TP.SCHEDULE_TIME&sord=desc,1,0,0,1
/CMS_BLK/GridDataLoader?searchTask=&searchStatus=0&fromDate=28%2F03%2F2022&toDate=28%2F03%2F2023&featureId=MyTask&targetPage=MyTask&isView=true&isGridView=true&isDownload=&isDownload2=&isFailure=&_search=false&nd=1679983203940&rows=10&page=1&sidx=TP.SCHEDULE_TIME&sord=desc,1,0,0,1
/CMS_BLK/GridDataLoader?searchTask=&searchStatus=0&fromDate=28%2F03%2F2022&toDate=28%2F03%2F2023&featureId=MyTask&targetPage=MyTask&isView=true&isGridView=true&isDownload=&isDownload2=&isFailure=&_search=false&nd=1679983223947&rows=10&page=1&sidx=TP.SCHEDULE_TIME&sord=desc,1,0,0,1
/CMS_BLK/GridDataLoader?searchTask=&searchStatus=0&fromDate=28%2F03%2F2022&toDate=28%2F03%2F2023&featureId=MyTask&targetPage=MyTask&isView=true&isGridView=true&isDownload=&isDownload2=&isFailure=&_search=false&nd=1679983243941&rows=10&page=1&sidx=TP.SCHEDULE_TIME&sord=desc,1,0,0,1
/CMS_BLK/GridDataLoader?searchTask=&searchStatus=0&fromDate=28%2F03%2F2022&toDate=28%2F03%2F2023&featureId=MyTask&targetPage=MyTask&isView=true&isGridView=true&isDownload=&isDownload2=&isFailure=&_search=false&nd=1679983263950&rows=10&page=1&sidx=TP.SCHEDULE_TIME&sord=desc,1,0,0,1
/CMS_BLK/GridDataLoader?searchTask=&searchStatus=0&fromDate=28%2F03%2F2022&toDate=28%2F03%2F2023&featureId=MyTask&targetPage=MyTask&isView=true&isGridView=true&isDownload=&isDownload2=&isFailure=&_search=false&nd=1679983273947&rows=10&page=1&sidx=TP.SCHEDULE_TIME&sord=desc,1,0,0,1
/CMS_BLK/GridDataLoader?searchTask=&searchStatus=0&fromDate=28%2F03%2F2022&toDate=28%2F03%2F2023&featureId=MyTask&targetPage=MyTask&isView=true&isGridView=true&isDownload=&isDownload2=&isFailure=&_search=false&nd=1679983413943&rows=10&page=1&sidx=TP.SCHEDULE_TIME&sord=desc,1,0,0,1
/CMS_BLK/GridDataLoader?searchTask=&searchStatus=0&fromDate=28%2F03%2F2022&toDate=28%2F03%2F2023&featureId=MyTask&targetPage=MyTask&isView=true&isGridView=true&isDownload=&isDownload2=&isFailure=&_search=false&nd=1679983473941&rows=10&page=1&sidx=TP.SCHEDULE_TIME&sord=desc,1,0,0,1
/CMS_BLK/GridDataLoader?searchTask=&searchStatus=0&fromDate=28%2F03%2F2022&toDate=28%2F03%2F2023&featureId=MyTask&targetPage=MyTask&isView=true&isGridView=true&isDownload=&isDownload2=&isFailure=&_search=false&nd=1679983533941&rows=10&page=1&sidx=TP.SCHEDULE_TIME&sord=desc,1,0,0,1
/CMS_BLK/GridDataLoader?searchTask=&searchStatus=0&fromDate=28%2F03%2F2022&toDate=28%2F03%2F2023&featureId=MyTask&targetPage=MyTask&isView=true&isGridView=true&isDownload=&isDownload2=&isFailure=&_search=false&nd=1679983593951&rows=10&page=1&sidx=TP.SCHEDULE_TIME&sord=desc,1,0,0,1
/CMS_BLK/GridDataLoader?searchTask=&searchStatus=0&fromDate=28%2F03%2F2022&toDate=28%2F03%2F2023&featureId=MyTask&targetPage=MyTask&isView=true&isGridView=true&isDownload=&isDownload2=&isFailure=&_search=false&nd=1679983653953&rows=10&page=1&sidx=TP.SCHEDULE_TIME&sord=desc,1,0,0,1
/CMS_BLK/GridDataLoader?searchTask=&searchStatus=0&fromDate=28%2F03%2F2022&toDate=28%2F03%2F2023&featureId=MyTask&targetPage=MyTask&isView=true&isGridView=true&isDownload=&isDownload2=&isFailure=&_search=false&nd=1679983713965&rows=10&page=1&sidx=TP.SCHEDULE_TIME&sord=desc,1,0,0,1
/CMS_BLK/GridDataLoader?searchTask=&searchStatus=0&fromDate=28%2F03%2F2022&toDate=28%2F03%2F2023&featureId=MyTask&targetPage=MyTask&isView=true&isGridView=true&isDownload=&isDownload2=&isFailure=&_search=false&nd=1679983773962&rows=10&page=1&sidx=TP.SCHEDULE_TIME&sord=desc,1,0,0,1
/CMS_BLK/GridDataLoader?searchTask=&searchStatus=0&fromDate=28%2F03%2F2022&toDate=28%2F03%2F2023&featureId=MyTask&targetPage=MyTask&isView=true&isGridView=true&isDownload=&isDownload2=&isFailure=&_search=false&nd=1679983833957&rows=10&page=1&sidx=TP.SCHEDULE_TIME&sord=desc,1,0,0,1
/CMS_BLK/GridDataLoader?searchTask=&searchStatus=0&fromDate=28%2F03%2F2022&toDate=28%2F03%2F2023&featureId=MyTask&targetPage=MyTask&isView=true&isGridView=true&isDownload=&isDownload2=&isFailure=&_search=false&nd=1679983893958&rows=10&page=1&sidx=TP.SCHEDULE_TIME&sord=desc,1,0,0,1
/CMS_BLK/GridDataLoader?searchTask=&searchStatus=0&fromDate=28%2F03%2F2022&toDate=28%2F03%2F2023&featureId=MyTask&targetPage=MyTask&isView=true&isGridView=true&isDownload=&isDownload2=&isFailure=&_search=false&nd=1679983911354&rows=10&page=1&sidx=TP.SCHEDULE_TIME&sord=desc,1,0,0,1
/CMS_BLK/GridDataLoader?searchTask=&searchStatus=0&fromDate=28%2F03%2F2022&toDate=28%2F03%2F2023&featureId=MyTask&targetPage=MyTask&isView=true&isGridView=true&isDownload=&isDownload2=&isFailure=&_search=false&nd=1679983913125&rows=10&page=1&sidx=TP.SCHEDULE_TIME&sord=desc,1,0,0,1
/CMS_BLK/GridDataLoader?searchTask=&searchStatus=0&fromDate=28%2F03%2F2022&toDate=28%2F03%2F2023&featureId=MyTask&targetPage=MyTask&isView=true&isGridView=true&isDownload=&isDownload2=&isFailure=&_search=false&nd=1679983923960&rows=10&page=1&sidx=TP.SCHEDULE_TIME&sord=desc,1,0,0,1
/CMS_BLK/GridDataLoader?searchTask=&searchStatus=0&fromDate=28%2F03%2F2022&toDate=28%2F03%2F2023&featureId=MyTask&targetPage=MyTask&isView=true&isGridView=true&isDownload=&isDownload2=&isFailure=&_search=false&nd=1679983933962&rows=10&page=1&sidx=TP.SCHEDULE_TIME&sord=desc,1,0,0,1
/CMS_BLK/NewStyles/JsTree/style.css,2,0,0,2
/CMS_BLK/NewStyles/css/Add_Conatct.css,33,0,0,33
/CMS_BLK/NewStyles/css/Add_Conatct.css?v=2,1,0,0,1
/CMS_BLK/NewStyles/css/MultiDatesPicker_v1.6.6.css,2,0,0,2
/CMS_BLK/NewStyles/css/NewInput.css,29,0,0,29
/CMS_BLK/NewStyles/css/app.css,42,0,0,42
/CMS_BLK/NewStyles/css/css.css,108,0,0,108
/CMS_BLK/NewStyles/css/cupertino_jquery-ui.css,1,0,0,1
/CMS_BLK/NewStyles/css/dashboard.css,192,0,0,192
/CMS_BLK/NewStyles/css/dashboard.css?v=2,8,0,0,8
/CMS_BLK/NewStyles/css/flatlogic.css,187,0,0,187
/CMS_BLK/NewStyles/css/flatlogic/fonts/fontawesome-webfont.woff2?v=4.7.0,149,0,0,149
/CMS_BLK/NewStyles/css/font-awesome-5.0.13.css,1,0,0,1
/CMS_BLK/NewStyles/css/images/ui-icons_444444_256x240.png,67,0,0,67
/CMS_BLK/NewStyles/css/images/ui-icons_555555_256x240.png,4,0,0,4
/CMS_BLK/NewStyles/css/jquery-ui.css,78,0,0,78
/CMS_BLK/NewStyles/css/jquery-ui_1.12.1.css,5,0,0,5
/CMS_BLK/NewStyles/css/jquery.timepicker.min.css,4,0,0,4
/CMS_BLK/NewStyles/css/jquery.timepicker.min.css?v=2,12,0,0,12
/CMS_BLK/NewStyles/css/ui.jqgrid.css,2,0,0,2
/CMS_BLK/NewStyles/css/ui.jqgrid.min.css,2,0,0,2
/CMS_BLK/NewStyles/dist/bootstrap-3.3.7-dist/css/bootstrap.css,227,0,0,227
/CMS_BLK/NewStyles/dist/bootstrap-3.3.7-dist/fonts/glyphicons-halflings-regular.ttf,1,0,0,1
/CMS_BLK/NewStyles/dist/bootstrap-3.3.7-dist/fonts/glyphicons-halflings-regular.woff,2,0,0,2
/CMS_BLK/NewStyles/dist/bootstrap-3.3.7-dist/fonts/glyphicons-halflings-regular.woff2,1,0,0,1
/CMS_BLK/NewStyles/dist/bootstrap-3.3.7-dist/js/bootstrap.min.js,220,0,0,220
/CMS_BLK/NewStyles/dist/bootstrap-3.3.7-dist/js/jquery.min.js,204,0,0,204
/CMS_BLK/NewStyles/dist/bootstrap-checkbox/build.css,162,0,0,162
/CMS_BLK/NewStyles/dist/images/Dashboard/BLK.jpeg,65,0,0,65
/CMS_BLK/NewStyles/dist/images/Dashboard/Combined%20Shape@1x.png,33,0,0,33
/CMS_BLK/NewStyles/dist/images/Dashboard/Shape@1x.png,35,0,0,35
/CMS_BLK/NewStyles/dist/images/Dashboard/Subscriber@1x.png,19,0,0,19
/CMS_BLK/NewStyles/dist/images/Dashboard/blk_logo.png,43,0,0,43
/CMS_BLK/NewStyles/dist/images/Dashboard/debtManagement@1x.png,37,0,0,37
/CMS_BLK/NewStyles/dist/images/Dashboard/paymentbulkupload@1x.png,56,0,0,56
/CMS_BLK/NewStyles/dist/images/Dashboard/provisioning@1x.png,24,0,0,24
/CMS_BLK/NewStyles/dist/images/Login_Screen/Bitmap@1x.jpg,40,0,0,40
/CMS_BLK/NewStyles/dist/images/MyContacts/Edit.png,72,0,0,72
/CMS_BLK/NewStyles/dist/images/MyContacts/Trash.png,55,0,0,55
/CMS_BLK/NewStyles/font-awesome-4.7.0/css/font-awesome.css,6,0,0,6
/CMS_BLK/NewStyles/font-awesome-4.7.0/css/font-awesome.min.css,2,0,0,2
/CMS_BLK/NewStyles/js/MultiDatesPicker_v1.6.6.js,1,0,0,1
/CMS_BLK/NewStyles/js/bootstrap-filestyle.js,8,0,0,8
/CMS_BLK/NewStyles/js/bootstrap-styles_2.1.0.js,2,0,0,2
/CMS_BLK/NewStyles/js/grid.locale-en.js,3,0,0,3
/CMS_BLK/NewStyles/js/jquery-ui.js,22,0,0,22
/CMS_BLK/NewStyles/js/jquery-ui_1.12.1.js,37,0,0,37
/CMS_BLK/NewStyles/js/jquery.jqgrid.min.js,77,0,0,77
/CMS_BLK/NewStyles/js/jquery.jqgrid.min_5.7.0.js,2,0,0,2
/CMS_BLK/NewStyles/js/jquery.min.js,13,0,0,13
/CMS_BLK/NewStyles/js/jquery.timepicker.min.js,11,0,0,11
/CMS_BLK/NewStyles/webfonts/fa-regular-400.woff2,2,0,0,2
/CMS_BLK/OpenSansFonts/OpenSans/OpenSans-Regular.woff,14,0,0,14
/CMS_BLK/OpenSansFonts/OpenSans/stylesheet.css,90,0,0,90
/CMS_BLK/OtpFirstTimeLogin.jsp,2,0,0,2
/CMS_BLK/ResetPassword.jsp?userId=8719,2,0,0,2
/CMS_BLK/ResetPassword.jsp?userId=8803,1,0,0,1
/CMS_BLK/ResetPassword.jsp?userId=8806,1,0,0,1
/CMS_BLK/ResetPassword.jsp?userId=8809,1,0,0,1
/CMS_BLK/ResetPassword.jsp?userId=8812,1,0,0,1
/CMS_BLK/ResetPassword.jsp?userId=8815,1,0,0,1
/CMS_BLK/ResetPassword.jsp?userId=8821,1,0,0,1
/CMS_BLK/RubyEntityRelation/EntityRelation.js?v=11,19,0,0,19
/CMS_BLK/SessionListener?id=-Thzx7wy2FP79Wqw3UwlrVYd0aKSApkYwjjzpyz6,0,2,0,2
/CMS_BLK/SessionListener?id=2fL2YJiXP6-y0P7lGgzSRWADpYx2h9Z4TrUje0aW,0,2,0,2
/CMS_BLK/SessionListener?id=8R9PprnK5yLVdUkM67_PJjHbmFllna6nN7uHrDDS,0,1,0,1
/CMS_BLK/SessionListener?id=8nF4y93pBTcf58d36224i3OJP5drTEFMblF-ojst,0,2,0,2
/CMS_BLK/SessionListener?id=CBXPCvqZf0tyQY3NsvT8m8CKZqHxpcZd-7jQKqLe,0,7,0,7
/CMS_BLK/SessionListener?id=CwmT3Fbg-DmIII0tgBOeZ9-MJyZc_uCSuwbn1diV,0,2,0,2
/CMS_BLK/SessionListener?id=HYXTpCtaD5wuWpY1sI1VPCcx9OWxlyEvDrSlnXvP,0,2,0,2
/CMS_BLK/SessionListener?id=Kpa5tiVSPgswZaqTA_pgJZf183hrtQPUejV5YKkl,0,1,0,1
/CMS_BLK/SessionListener?id=Lftjv4f1vAHpfPX5lqLAl8g6bigzhq3nGITKrKv4,0,1,0,1
/CMS_BLK/SessionListener?id=RRtgZF7PfUimjWtA7TOO6W_l1kfNdrQOIYMgvPUa,0,5,0,5
/CMS_BLK/SessionListener?id=TCTEBLBSvIVVQ70L0R8PQ7MIdnqJQshp3uzdeTxP,0,1,0,1
/CMS_BLK/SessionListener?id=_CPadL4niQDOET7yUM7DmYJYqsTZEYCp9ovKmXJF,0,1,0,1
/CMS_BLK/SessionListener?id=_qGOi1MAwfzb_smrMg5zoFJI6_2eLwTjJ1PDKG3-,0,1,0,1
/CMS_BLK/SessionListener?id=_wYdp1MvHtRSfzlQhUGqGkXqcg9oKWXAb0wngk6d,0,3,0,3
/CMS_BLK/SessionListener?id=aGAgYUW7EJEy3DoMBmEJ6j-HMXt1wXaHebnqEn0G,0,1,0,1
/CMS_BLK/SessionListener?id=f_lhxkW84LvROd-lSCsRw5pLndzwRCDk3rjH-dnT,0,2,0,2
/CMS_BLK/SessionListener?id=iyleuRiACptf2RgVCqTexlVchhFaQpGzIV5XgTQS,0,1,0,1
/CMS_BLK/SessionListener?id=jx2iTRwPB6pnEKnSuQ2mKb13tdkvWeBniHFS50EP,0,1,0,1
/CMS_BLK/SessionListener?id=k6rfY6HICFa0XmruK1RhvjWoPZrl6trTGcSJumXy,0,1,0,1
/CMS_BLK/SessionListener?id=ndIBplam6rmTklhsR07LagrKZn720HneB8d8yKSJ,0,8,0,8
/CMS_BLK/SessionListener?id=ns2kXg8h0IUtJnwKQ0OF3tIyY01ggx3xJh6YOTdU,0,2,0,2
/CMS_BLK/SessionListener?id=pLEUL67N-SYaurM6yXUzf_cJ40_0Msflzq8F0ZKk,0,4,0,4
/CMS_BLK/SessionListener?id=qTGsvQ1LTeGTog9CnW1u1GZ1yJY5vHmoKeZ7UN0k,0,8,0,8
/CMS_BLK/SessionListener?id=r9g8qtiXmJTmH0fMwvd5onwsot-YpzHhuOeDkKHP,0,2,0,2
/CMS_BLK/SessionListener?id=s3a8aaDBu4WZUPNISYKzk4KGjfU_0jWumxkg8S4h,0,1,0,1
/CMS_BLK/SessionListener?id=uMK5HyYMhz4Oi8cQqSOQnymkDk7ete9dmfngCQ0w,0,3,0,3
/CMS_BLK/SessionListener?id=xKZSaCBeYqw3OvesamlfaAFZMf0Wqpro_sSSyUa5,0,9,0,9
/CMS_BLK/UserStatusCheck,0,84,0,84
/CMS_BLK/VerifyUser?isEncoded=true&resetPassId=ODc5MQ==&password=cWhmbCp6WGVCNQ==,1,0,0,1
/CMS_BLK/VerifyUser?isEncoded=true&resetPassId=ODcxOQ==&password=QWRtaW5AMTIzNA==,1,0,0,1
/CMS_BLK/VerifyUser?isEncoded=true&resetPassId=ODgwMA==&password=cXBmbCp6WGVCNw==,1,0,0,1
/CMS_BLK/VerifyUser?isEncoded=true&resetPassId=ODgwNg==&password=cWhmbCp6WGVCOQ==,1,0,0,1
/CMS_BLK/VerifyUser?isEncoded=true&resetPassId=ODgyMQ==&password=cXFmbCp6WGVCMTQ=,1,0,0,1
/CMS_BLK/VerifyUser?username=RU5EX1RFU1RVU0VS&isEncoded=true,1,0,0,1
/CMS_BLK/VerifyUser?username=UkVWRTE0&isEncoded=true,1,0,0,1
/CMS_BLK/VerifyUser?username=UkVWRTE2&isEncoded=true,1,0,0,1
/CMS_BLK/VerifyUser?username=UkVWRTE3&isEncoded=true,1,0,0,1
/CMS_BLK/amCharts/amcharts.js,185,0,0,185
/CMS_BLK/amCharts/export.css,180,0,0,180
/CMS_BLK/amCharts/export.min.js,202,0,0,202
/CMS_BLK/amCharts/funnel.js,21,0,0,21
/CMS_BLK/amCharts/light.js,117,0,0,117
/CMS_BLK/amCharts/light1.js,33,0,0,33
/CMS_BLK/amCharts/light2.js,37,0,0,37
/CMS_BLK/amCharts/pie.js,18,0,0,18
/CMS_BLK/amCharts/plugins/export/libs/FileSaver.js/FileSaver.min.js,131,0,0,131
/CMS_BLK/amCharts/plugins/export/libs/fabric.js/fabric.min.js,123,0,0,123
/CMS_BLK/amCharts/plugins/export/libs/jszip/jszip.min.js,131,0,0,131
/CMS_BLK/amCharts/plugins/export/libs/pdfmake/pdfmake.min.js,127,0,0,127
/CMS_BLK/amCharts/plugins/export/libs/pdfmake/vfs_fonts.js,112,0,0,112
/CMS_BLK/amCharts/plugins/export/libs/xlsx/xlsx.min.js,119,0,0,119
/CMS_BLK/amCharts/serial.js,143,0,0,143
/CMS_BLK/asset1/ui.jqgrid.min.css,5,0,0,5
/CMS_BLK/asset2/bootstrap-filestyle.js,5,0,0,5
/CMS_BLK/asset2/jquery-ui.css,2,0,0,2
/CMS_BLK/asset2/ui.jqgrid.min.css,2,0,0,2
/CMS_BLK/asset3/css.css,2,0,0,2
/CMS_BLK/asset4/bootstrap-filestyle.js,3,0,0,3
/CMS_BLK/asset4/css.css,1,0,0,1
/CMS_BLK/asset4/font-awesome.css,1,0,0,1
/CMS_BLK/asset4/images/ui-icons_444444_256x240.png,1,0,0,1
/CMS_BLK/asset4/jquery-ui.css,36,0,0,36
/CMS_BLK/asset4/jquery-ui.js,1,0,0,1
/CMS_BLK/asset4/jquery.timepicker.min.css,1,0,0,1
/CMS_BLK/asset4/jquery.timepicker.min.js,1,0,0,1
/CMS_BLK/asset4/jquery1-ui.css,1,0,0,1
/CMS_BLK/captcha-image,74,0,0,74
/CMS_BLK/checkDeleteStatus?oa=TEST%20CLI%208&status=74&userName=END_TESTUSER,0,1,0,1
/CMS_BLK/checkQuotaDetails?planId=2950,0,1,0,1
/CMS_BLK/checkQuotaDetails?planId=3010,0,7,0,7
/CMS_BLK/checkQuotaDetails?planId=null,0,1,0,1
/CMS_BLK/checkusername?username=SquareHospitals,0,1,0,1
/CMS_BLK/checkusername?username=nextnet,0,1,0,1
/CMS_BLK/css/ace-rtl.min.css,95,0,0,95
/CMS_BLK/css/ace.min.css,86,0,0,86
/CMS_BLK/css/bootstrap.min.css,89,0,0,89
/CMS_BLK/css/ddsmoothmenu.css,63,0,0,63
/CMS_BLK/css/font-awesome.min.css,82,0,0,82
/CMS_BLK/css/jsTree_Porton.css,1,0,0,1
/CMS_BLK/css/leftShortcut.css,59,0,0,59
/CMS_BLK/css/redmond/images/ui-bg_flat_55_fbec88_40x100.png,12,0,0,12
/CMS_BLK/css/redmond/images/ui-bg_gloss-wave_55_5c9ccc_500x100.png,38,0,0,38
/CMS_BLK/css/redmond/images/ui-bg_inset-hard_100_fcfdfd_1x100.png,35,0,0,35
/CMS_BLK/css/redmond/images/ui-icons_d8e7f3_256x240.png,46,0,0,46
/CMS_BLK/css/redmond/jquery-ui-1.8.16.custom.css,64,0,0,64
/CMS_BLK/css/redmond/jquery-ui-1.8.16.custom1.css,34,0,0,34
/CMS_BLK/css/sixdeeElements.css,66,0,0,66
/CMS_BLK/css/templatemo_style.css?v=1,32,0,0,32
/CMS_BLK/css/templatemo_style.css?v=4,38,0,0,38
/CMS_BLK/css/ui.jqgrid.css,37,0,0,37
/CMS_BLK/fonts/fonts.googleapis.com.css,84,0,0,84
/CMS_BLK/horizontalindex.jsp,28,0,0,28
/CMS_BLK/horizontalindex.jsp?v=2,9,0,0,9
/CMS_BLK/images/DeleteRed.png,1,0,0,1
/CMS_BLK/images/agent1.jpg,31,0,0,31
/CMS_BLK/images/cellcard_bg.png,28,0,0,28
/CMS_BLK/images/copy1.png,32,0,0,32
/CMS_BLK/images/eye.png,49,0,0,49
/CMS_BLK/images/favicon.ico,23,0,0,23
/CMS_BLK/images/fw/PasswordLg.gif,65,0,0,65
/CMS_BLK/images/indicator.gif,24,0,0,24
/CMS_BLK/images/loading.gif,3,0,0,3
/CMS_BLK/images/login_img.png,83,0,0,83
/CMS_BLK/images/minus_16.png,41,0,0,41
/CMS_BLK/images/page-loader.gif,94,0,0,94
/CMS_BLK/images/pause.png,2,0,0,2
/CMS_BLK/images/plus_16.png,51,0,0,51
/CMS_BLK/images/reload.png,73,0,0,73
/CMS_BLK/images/services-bg.jpg,104,0,0,104
/CMS_BLK/images/treeImg/empty.gif,1,0,0,1
/CMS_BLK/images/treeImg/img/joinbottom1.png,1,0,0,1
/CMS_BLK/images/treeImg/img/minus.png,1,0,0,1
/CMS_BLK/images/treeImg/img/plus.png,1,0,0,1
/CMS_BLK/images/treeImg/img/redfolderopen.png,1,0,0,1
/CMS_BLK/js/cloud-carousel.1.0.5.js?v=3,67,0,0,67
/CMS_BLK/js/ddsmoothmenu.js?v=3,68,0,0,68
/CMS_BLK/js/jquery-1-4-2.min.js,156,0,0,156
/CMS_BLK/js/jquery-1-4-2.min.js?v=3,18,0,0,18
/CMS_BLK/js/jquery-1.2.6.min.js,33,0,0,33
/CMS_BLK/js/jquery-1.8.3.min.js,1,0,0,1
/CMS_BLK/js/jquery-3.6.0.min.js?v=3,75,0,0,75
/CMS_BLK/js/jquery-ui-1.8.16.custom.min.js,119,0,0,119
/CMS_BLK/js/jquery-ui.min.js?v=3,100,0,0,100
/CMS_BLK/js/jquery.blockUI.js?v=3,101,0,0,101
/CMS_BLK/js/jquery.easing.js?v=3,103,0,0,103
/CMS_BLK/js/jquery.js?v=3,15,0,0,15
/CMS_BLK/js/jquery.min.js?v=3,21,0,0,21
/CMS_BLK/js/jquery.mousewheel.js?v=3,92,0,0,92
/CMS_BLK/js/leftShortcut.js,75,0,0,75
/CMS_BLK/js/script.js?v=3,90,0,0,90
/CMS_BLK/js/slide.js?v=3,98,0,0,98
/CMS_BLK/leftShortcut.jsp,41,0,0,41
/CMS_BLK/login.jsp,6,0,0,6
/CMS_BLK/scripts/BaseAjaxRequest.js,83,0,0,83
/CMS_BLK/scripts/BulkPushScript.js,3,0,0,3
/CMS_BLK/scripts/DTable.js,40,0,0,40
/CMS_BLK/scripts/ObjTree.js,46,0,0,46
/CMS_BLK/scripts/Rubyvalidator.js,14,0,0,14
/CMS_BLK/scripts/Rubyvalidator.js?v=3,87,0,0,87
/CMS_BLK/scripts/conversionfunctions.js,3,0,0,3
/CMS_BLK/scripts/grid.locale-en.js,33,0,0,33
/CMS_BLK/scripts/highChartsUpdated/exporting.js,42,0,0,42
/CMS_BLK/scripts/highChartsUpdated/highcharts.js,52,0,0,52
/CMS_BLK/scripts/highChartsUpdated/jquery-1.7.2.js,51,0,0,51
/CMS_BLK/scripts/jquery.corner.js,32,0,0,32
/CMS_BLK/scripts/jquery.jqGrid.min.js,46,0,0,46
/CMS_BLK/scripts/rubitree.js,1,0,0,1
/CMS_BLK/scripts/validatenumfield.js,11,0,0,11
/CMS_BLK/scripts/validator.js,41,0,0,41
/CMS_BLK/scripts/validator.js?v=3,77,0,0,77
/CMS_BLK/scripts/zebra_datepicker.js,42,0,0,42
/CMS_BLK/servlet/SessionMapCleanServlet?isCMS=false&isBPCL=false,0,11,0,11
/CMS_BLK/servlet/downloadReport1?filePath=/opt/apps/CMS_GUI/REPORTS/DOWNLOAD_CLI_20230329132524_2023_03_29.zip,1,0,0,1
/CMS_BLK/servlet/downloadReport?filePath=1678963485315_Keyword+2.png&filepathLocation=/opt/apps/CMS_GUI/CLIUPLOAD,1,0,0,1
/CMS_BLK/servlet/downloadReport?filePath=1679740615161_EZG+(BL).jpg&filepathLocation=/opt/apps/CMS_GUI/CLIUPLOAD,1,0,0,1
/CMS_BLK/servlet/downloadReport?filePath=1680074265638_41UWnqKCEqL.jpg&filepathLocation=/opt/apps/CMS_GUI/CLIUPLOAD,1,0,0,1
/CMS_BLK/styles/tree.css,1,0,0,1
/CMS_BLK/verticalindex.jsp,0,12,0,12
/CMS_BLK/wildfly_logo.png,1,0,0,1
/CMS_BLK/yui/examples/calendar/css/examples.css,2,0,0,2
/aab8,1,0,0,1
/ab2g,2,0,0,2
/ab2h,2,0,0,2
/actuator/gateway/routes,3,0,0,3
/actuator/health,1,0,0,1
/api/v2/static/not.found,2,0,0,2
/bl,0,3,0,3
/bl/ecmapigw/webresources/ecmapigw.v3,1,347030,0,347031
/bl2/ecmapigw/webresources/ecmapigw.v3,0,6,0,6
/dns-query,0,1,0,1
/ecmapigw/webresources/ecmapigw.v3,0,1,0,1
/ecp/Current/exporttool/microsoft.exchange.ediscovery.exporttool.application,1,0,0,1
/favicon.ico,62,0,0,62
/geoserver/web/,2,0,0,2
/owa/auth/logon.aspx,2,0,0,2
/owa/auth/logon.aspx?url=https%3a%2f%2f1%2fecp%2f,3,0,0,3
/remote/login?lang=en,1,0,0,1
/resolve?dns=q80BAAABAAAAAAAAA3d3dwdleGFtcGxlA2NvbQAAAQAB,1,0,0,1
/robots.txt,3,0,0,3
/sitemap.xml,2,0,0,2
/t4,1,0,0,1
/vplayer/134151.html,1,0,0,1
200,,,,356150
301,,,,43
302,,,,25
307,,,,3
400,,,,828
403,,,,94
404,,,,7
405,,,,1
499,,,,5
502,,,,1
